Account Name,Deal Stage,Amount,Close Date,Created Date,Owner,Industry,Region
Green LLC,Negotiation,11943.73,9/21/2026,1/9/2025,Michael Horton,Retail,South America
Tucker LLC,,82213.93,7/22/2026,3/28/2025,Amanda Owens,Healthcare,Asia
"Lynch, Johnson and Hester",Prospecting,89818.34,10/11/2026,2/16/2025,Catherine Ray,Finance,Europe
Parker-Brown,QUALIFICATION,,11/22/2025,4/29/2025,Alexandra Ramos,Technology,South America
Bolton-Curry,CLOSED LOST,23906.68,1/7/2026,2/22/2025,Miss Dorothy Collins DVM,Finance,Europe
Johnson Ltd,prospecting,92993.61,2/27/2026,6/1/2025,Denise Lee,Education,North America
Terry-Baldwin,Closed Won,56793.45,4/26/2026,5/26/2025,Martin Johnston,Education,South America
Green LLC,Closed Won,"$18,667.74 ",6/19/2026,5/17/2025,Jessica Ball,Healthcare,North America
"Davis, Woods and Lewis",closed lost,88205.56,1/15/2026,1/17/2025,Kimberly Morgan,Technology,Europe
"Palmer, Sloan and Clark",Qualification,78060.64,12/19/2025,4/16/2025,Brittany Chaney,,Asia
Terry-Baldwin,CLOSED LOST,99272.95,,5/20/2025,Jonathan Patterson,Finance,South America
Sanchez Inc,qualification,67287.27,8/30/2026,4/5/2025,Jessica Ball,Technology,Asia
Brown-Mcpherson,Prospecting,17097.17,10/28/2025,5/20/2025,Robert Moore,Manufacturing,South America
Meyer-Kelly,Closed Won,67367.78,5/10/2026,3/3/2025,Marissa Perry,Retail,
Nichols Ltd,CLOSED WON,15082.22,9/25/2026,3/18/2025,David Rocha,Manufacturing,Asia
Gallagher-Ellis,Closed Lost,95518.07,3/2/2026,4/5/2025,Kathleen Harris,Education,Europe
Robinson Ltd,prospecting,27245.45,7/20/2026,,Kathleen Harris,Technology,Asia
Parker-Brown,Closed Lost,51279.51,10/8/2026,1/3/2025,Bradley Macdonald,Retail,Europe
"Kaufman, Abbott and Mendez",Prospecting,,6/13/2026,2/9/2025,Kristen Obrien,Finance,North America
,Proposal,"$73,023.28 ",2/3/2026,1/4/2025,Kathleen Harris,Finance,Asia
Wilson and Sons,Closed Won,25276.82,10/31/2026,4/14/2025,Kathleen Harris,Finance,North America
Jackson-Simon,qualification,21570.06,2/23/2026,1/26/2025,Jonathan Patterson,Technology,Europe
,negotiation,83595.71,9/5/2026,3/29/2025,Robert Moore,Manufacturing,South America
"Fisher, Sweeney and Newman",Closed Won,32230.12,6/8/2026,5/31/2025,Brittany Chaney,Education,Asia
"Levine, Porter and Reed",PROSPECTING,83683.89,11/15/2026,6/1/2025,Martin Johnston,Manufacturing,
Parker-Brown,Qualification,62212.01,4/8/2026,1/20/2025,Brittany Chaney,Healthcare,Europe
"Mcgrath, Salazar and Perez",PROSPECTING,12751.11,6/5/2026,2/21/2025,Jason Hudson,Technology,Europe
Castaneda-Phillips,Prospecting,64883.27,11/8/2026,1/25/2025,James Burke,Retail,South America
Liu-Malone,Closed Lost,41475.55,1/28/2026,3/1/2025,Denise Lee,Manufacturing,Europe
Liu-Malone,Closed Lost,50916.61,8/12/2026,2/17/2025,David Rocha,Retail,Asia
"Kaufman, Abbott and Mendez",Prospecting,92444,10/2/2026,,Kristen Obrien,Technology,Europe
Brown-Mcpherson,Closed Won,51467.06,1/10/2026,4/6/2025,Jason Hudson,Finance,North America
Green LLC,,16341.75,10/30/2025,4/18/2025,Robert Moore,Technology,Asia
Bates Ltd,Closed Lost,92784.07,10/13/2026,1/15/2025,David Rocha,Manufacturing,South America
Miller Group,qualification,9102.35,2/3/2026,5/16/2025,Jessica Ball,Technology,South America
Miller Group,Closed Lost,,10/11/2026,1/21/2025,David Rocha,Healthcare,
Black Group,Closed Won,28127.38,11/18/2025,4/18/2025,Jason Hudson,Healthcare,Europe
Harrell and Sons,Closed Won,"$54,221.15 ",12/16/2026,5/14/2025,Kathleen Harris,Technology,North America
Small PLC,Negotiation,60752.75,6/20/2026,1/2/2025,Michael Horton,Healthcare,Europe
"Sexton, Williams and Solis",proposal,88862.64,1/2/2026,3/18/2025,David Rocha,Manufacturing,
Tucker LLC,Prospecting,81928.86,9/21/2026,4/6/2025,Jason Hudson,Education,North America
Tucker LLC,Negotiation,71554.03,7/26/2026,3/2/2025,David Potter,Retail,North America
Schroeder and Sons,PROSPECTING,24489.28,11/17/2025,5/4/2025,Craig Johnson,Finance,Europe
Smith-Moore,,41925.03,2/6/2026,2/21/2025,James Burke,Retail,Europe
"Patton, Mann and Chen",Closed Lost,57391.56,6/5/2026,,David Potter,Technology,South America
Gallagher-Ellis,Negotiation,86441.83,10/26/2026,4/6/2025,Miss Dorothy Collins DVM,Education,North America
"Allen, Richardson and Nguyen",prospecting,61794.66,1/11/2026,3/15/2025,Alexandra Ramos,Finance,South America
"Pearson, James and Wagner",negotiation,25360.83,11/4/2025,5/19/2025,Bradley Macdonald,Healthcare,North America
Grant-Phillips,qualification,"$57,352.96 ",8/30/2026,5/22/2025,Denise Lee,Technology,South America
Newman Ltd,QUALIFICATION,28643.31,8/12/2026,3/4/2025,Jessica Ball,Retail,South America
"Lynch, Johnson and Hester",negotiation,15868.58,6/4/2026,1/20/2025,Michael Horton,Education,South America
Harrell and Sons,proposal,1098.38,9/22/2026,3/3/2025,David Rocha,Technology,Europe
Brown-Mcpherson,Prospecting,"$16,023.97 ",12/3/2025,2/1/2025,Jessica Ball,,North America
Castaneda-Phillips,Negotiation,9130.23,6/13/2026,3/20/2025,Alexandra Ramos,Manufacturing,North America
Green LLC,,23004.87,11/6/2025,5/18/2025,,Manufacturing,North America
Lane-Price,closed won,94710.91,5/10/2026,1/14/2025,,,Asia
"Carpenter, Hutchinson and Vance",negotiation,35506.02,7/16/2026,1/8/2025,Nicole Curtis,Technology,North America
Holland-Matthews,closed won,72612.05,4/5/2026,4/18/2025,Jonathan Patterson,Education,North America
"Johnson, Brown and Robinson",negotiation,73624.95,11/2/2025,1/1/2025,,Healthcare,Asia
Orr Ltd,Negotiation,43648.42,3/6/2026,1/14/2025,Mark Lopez,Education,South America
"Gonzalez, Jarvis and Cohen",PROSPECTING,26376.85,12/19/2025,1/9/2025,Miss Dorothy Collins DVM,,North America
Campbell-Hanson,Closed Won,53262.3,11/19/2025,5/21/2025,Kathleen Harris,Finance,Europe
Small PLC,Proposal,75945.69,12/17/2025,3/23/2025,Martin Johnston,Finance,South America
Jimenez Ltd,PROSPECTING,37177.27,10/30/2025,4/23/2025,David Rocha,Manufacturing,Europe
Rogers-Rhodes,Proposal,25370.74,11/22/2026,3/28/2025,Jennifer Cox,Education,Asia
Liu-Malone,CLOSED WON,1846.94,5/4/2026,4/28/2025,James Burke,Education,North America
Martin-Hernandez,Closed Won,13394.27,5/15/2026,3/21/2025,Mark Lopez,Healthcare,Asia
Knight-Wilcox,closed won,41617.92,,1/15/2025,Nicole Curtis,Education,Europe
Schroeder and Sons,Closed Won,14744.6,11/21/2025,1/15/2025,Jessica Ball,Retail,Europe
Pineda Ltd,Proposal,60655.26,12/10/2026,4/21/2025,Michael Horton,Education,South America
"Carpenter, Hutchinson and Vance",,93114.29,2/20/2026,4/30/2025,Richard Warren,Manufacturing,South America
,Negotiation,76332.6,12/19/2026,5/7/2025,David Potter,Finance,South America
"Page, Morris and Rosales",proposal,96156.92,8/4/2026,3/25/2025,Jennifer Cox,Finance,South America
Kennedy-Thornton,negotiation,10491.48,4/27/2026,1/28/2025,Amanda Owens,Healthcare,Asia
Holland-Matthews,CLOSED LOST,17934.01,3/19/2026,5/18/2025,Kathleen Harris,Technology,North America
Robinson Ltd,Closed Lost,,10/8/2025,5/19/2025,Kimberly Morgan,Finance,South America
Terry-Baldwin,Negotiation,88735.79,8/11/2026,3/29/2025,Jessica Ball,Technology,Asia
Rodriguez Group,Proposal,31133.08,6/5/2026,2/1/2025,Bradley Macdonald,Retail,Asia
Roman-Parker,,18279.14,1/23/2026,4/16/2025,Alexandra Ramos,Finance,North America
,closed lost,53246.38,3/25/2026,2/6/2025,Miss Dorothy Collins DVM,Technology,North America
Sanchez Inc,Proposal,39300.94,1/25/2026,4/5/2025,David Rocha,Education,South America
Romero PLC,Negotiation,98881.27,10/7/2026,2/12/2025,Spencer Stanley,Retail,Asia
Schroeder and Sons,Negotiation,76323.05,10/12/2025,3/23/2025,David Potter,Finance,Europe
Pineda Ltd,prospecting,33955.53,12/1/2026,4/12/2025,Bradley Macdonald,Education,South America
Rogers-Rhodes,negotiation,2177.07,,2/14/2025,Marissa Perry,Finance,North America
Robinson Ltd,negotiation,68748.69,3/30/2026,3/20/2025,Rebecca Spence,Finance,
"Mcgrath, Salazar and Perez",Proposal,96999.85,10/7/2026,1/8/2025,Kimberly Morgan,Healthcare,Asia
"Marshall, Combs and Johnson",Closed Won,58976.22,12/26/2026,5/10/2025,Jennifer Cox,Technology,South America
Roman-Parker,closed won,6180,12/15/2025,2/5/2025,Michael Horton,Manufacturing,North America
Liu-Malone,CLOSED WON,49651.15,1/21/2026,1/19/2025,Michael Horton,Healthcare,Asia
Paul Ltd,Closed Won,11237.04,10/14/2026,4/17/2025,Jason Hudson,Retail,Europe
"Thompson, Nelson and Peterson",CLOSED LOST,15542.68,10/26/2025,3/26/2025,Mark Lopez,,Europe
Mclaughlin Inc,prospecting,99212.14,1/4/2026,1/11/2025,Marissa Perry,,North America
Mclaughlin Inc,prospecting,55481.28,7/6/2026,1/13/2025,Miss Dorothy Collins DVM,Retail,North America
Jimenez Ltd,CLOSED LOST,57184.45,12/26/2026,1/27/2025,David Potter,Healthcare,Europe
"Oliver, Beltran and Anderson",closed lost,60215.68,6/26/2026,2/14/2025,Bradley Macdonald,Technology,North America
"Mcgrath, Salazar and Perez",CLOSED LOST,87420.67,,4/7/2025,Jessica Ball,Finance,North America
Bates Ltd,closed lost,"$18,744.80 ",2/24/2026,4/2/2025,Jason Hudson,Retail,North America
"Griffith, Mejia and Rodriguez",NEGOTIATION,67006.75,12/24/2025,4/28/2025,,Technology,South America
"Sexton, Williams and Solis",Proposal,10532.54,1/16/2026,1/23/2025,Michael Horton,Education,North America
"Carpenter, Hutchinson and Vance",QUALIFICATION,10796.41,3/4/2026,4/19/2025,Yvette Griffith,Finance,Europe
Parker-Brown,Closed Lost,22093.26,9/16/2026,2/4/2025,,Retail,Asia
,Prospecting,12524.74,11/12/2025,1/9/2025,Craig Johnson,Education,South America
"Fisher, Sweeney and Newman",Closed Won,38220.77,6/30/2026,3/13/2025,Robert Moore,,Asia
Green Inc,negotiation,85535.31,10/26/2026,1/13/2025,James Burke,Technology,Europe
Romero PLC,Negotiation,64981.31,9/25/2026,4/30/2025,Rebecca Spence,Manufacturing,South America
,Proposal,38118.35,11/5/2025,1/4/2025,Spencer Stanley,Healthcare,Europe
Carlson-Brown,Proposal,97722.08,,5/28/2025,Martin Johnston,Technology,North America
Tyler Group,PROPOSAL,72527.24,4/7/2026,5/14/2025,Spencer Stanley,,Asia
"Davis, Woods and Lewis",Qualification,18536.23,3/6/2026,5/20/2025,Michael Horton,Technology,Asia
Miller Group,proposal,42014.19,12/26/2026,4/6/2025,David Rocha,Healthcare,North America
Bolton-Curry,Prospecting,9695.53,10/21/2026,1/25/2025,Brittany Chaney,Healthcare,Asia
Richardson LLC,Prospecting,4319.68,,1/15/2025,Denise Lee,Finance,Asia
"Burke, Gonzalez and Mcknight",QUALIFICATION,62295.81,2/1/2026,2/27/2025,Martin Johnston,Technology,South America
"Davis, Woods and Lewis",Qualification,5275.13,3/11/2026,4/3/2025,David Potter,Education,South America
Brown-Mcpherson,Closed Won,95111.07,2/13/2026,2/12/2025,Spencer Stanley,Technology,North America
Parker-Brown,,18236.96,12/15/2026,5/9/2025,Robert Moore,Technology,North America
Schroeder and Sons,PROSPECTING,36971.98,7/24/2026,2/5/2025,Martin Johnston,,North America
Hurst and Sons,,65697.77,11/3/2025,4/3/2025,Richard Warren,Finance,South America
Campbell-Hanson,Prospecting,85377.81,8/4/2026,4/13/2025,Nicole Curtis,Technology,
"Pearson, James and Wagner",closed lost,14065.1,10/27/2026,5/19/2025,Traci Bell DDS,Healthcare,South America
"Gonzalez, Jarvis and Cohen",closed lost,53656.76,7/23/2026,1/19/2025,Nicole Curtis,Technology,Europe
Newman Ltd,,96455.07,4/7/2026,5/31/2025,Jennifer Cox,Healthcare,Asia
Martin-Hernandez,Closed Won,50928.82,12/18/2025,3/30/2025,Kimberly Morgan,Retail,North America
Jones-Wilson,Qualification,56805.46,1/31/2026,5/13/2025,Michael Horton,Technology,Asia
Campbell-Hanson,Proposal,14252.44,11/11/2026,3/30/2025,Mark Lopez,Healthcare,North America
Wilson and Sons,closed won,73785.61,6/27/2026,,Brittany Chaney,Manufacturing,Asia
"Oliver, Beltran and Anderson",proposal,44585.49,2/16/2026,2/24/2025,Alexandra Ramos,Healthcare,South America
Hall-Sparks,,49604.47,2/28/2026,4/7/2025,Michael Horton,Manufacturing,Europe
"Fisher, Sweeney and Newman",Closed Won,"$36,415.62 ",6/2/2026,5/4/2025,Yvette Griffith,Healthcare,Asia
Parker-Brown,Negotiation,71018.23,11/14/2026,1/29/2025,Ryan Mann,Retail,Asia
Robinson Ltd,negotiation,58645.05,10/21/2025,5/30/2025,Mark Lopez,Healthcare,Europe
Holland-Matthews,Qualification,95940.13,10/13/2026,1/3/2025,Jason Hudson,Healthcare,North America
Green LLC,,37642.72,3/22/2026,4/28/2025,Jessica Ball,Retail,North America
"Levine, Porter and Reed",PROPOSAL,87475.14,3/18/2026,2/11/2025,Catherine Ray,Education,Europe
Vargas Ltd,Closed Lost,24861.88,1/4/2026,4/16/2025,Yvette Griffith,Healthcare,South America
"Crane, Spears and Adams",Closed Won,15119.18,6/12/2026,5/27/2025,Richard Warren,Technology,Europe
Robinson Ltd,Closed Lost,59992.55,12/3/2026,2/5/2025,Spencer Stanley,Education,South America
Harris and Sons,Closed Won,86372.81,8/9/2026,3/17/2025,Alexandra Ramos,Education,Asia
Miller Group,closed won,67073.21,8/7/2026,3/26/2025,Denise Lee,Education,South America
Sweeney-Graves,Closed Lost,97243.29,8/20/2026,3/7/2025,Traci Bell DDS,,Asia
Hall-Sparks,Prospecting,36218.9,,1/5/2025,Amanda Owens,,Europe
Tucker LLC,Proposal,68648.87,11/6/2025,2/20/2025,Martin Johnston,Manufacturing,North America
"Levine, Porter and Reed",Qualification,23460.24,12/22/2025,,Kathleen Harris,Retail,South America
Rodriguez Inc,QUALIFICATION,18565.07,12/25/2025,5/19/2025,Traci Bell DDS,Retail,Asia
Castaneda-Phillips,negotiation,10293.07,8/22/2026,4/7/2025,Jason Hudson,Manufacturing,South America
Tyler Group,NEGOTIATION,44180.03,5/28/2026,2/17/2025,Robert Moore,Manufacturing,North America
"Cole, Fischer and Adams",CLOSED WON,"$54,933.62 ",7/10/2026,1/2/2025,Denise Lee,Manufacturing,Asia
"Palmer, Sloan and Clark",CLOSED LOST,,11/18/2026,3/3/2025,Richard Warren,Technology,Europe
Liu-Malone,Qualification,87095.4,9/30/2026,5/27/2025,Yvette Griffith,Education,Europe
"Pearson, James and Wagner",Qualification,9835.48,1/24/2026,1/2/2025,David Potter,Education,South America
Pineda Ltd,closed won,42895.85,7/13/2026,3/5/2025,Michael Horton,Technology,Europe
Carlson-Brown,negotiation,"$6,003.65 ",11/4/2025,2/2/2025,Rebecca Spence,,Asia
"Hoffman, Thomas and Hawkins",negotiation,96877.86,2/4/2026,5/8/2025,Jonathan Patterson,Education,Asia
Ramirez PLC,Qualification,48526.26,9/1/2026,1/1/2025,Bradley Macdonald,Healthcare,South America
Bates Ltd,qualification,23579.76,6/29/2026,4/5/2025,Craig Johnson,Education,Europe
"Sexton, Williams and Solis",Proposal,56270.65,12/29/2025,,Jonathan Patterson,Manufacturing,South America
Johnson Ltd,Qualification,73647.2,11/1/2026,4/24/2025,David Potter,Education,Europe
"Johnson, Brown and Robinson",prospecting,52903.93,1/3/2026,,Alexandra Ramos,Finance,North America
Robinson Ltd,Closed Won,20350.75,,1/15/2025,David Rocha,Healthcare,North America
"Burke, Gonzalez and Mcknight",negotiation,62003.32,12/1/2026,3/20/2025,David Potter,Education,
Vargas Ltd,PROSPECTING,93373.7,6/10/2026,5/21/2025,Robert Moore,Retail,Asia
Rodriguez Inc,proposal,40279.5,10/30/2026,,Amanda Owens,Technology,Europe
,,93172.04,3/2/2026,5/30/2025,Kristen Obrien,Technology,Asia
Schultz-Waller,closed lost,72226.78,3/20/2026,4/13/2025,James Burke,Education,Asia
"Cole, Fischer and Adams",NEGOTIATION,35124.48,6/1/2026,2/22/2025,Brittany Chaney,Healthcare,North America
"Cole, Fischer and Adams",Qualification,84553.94,3/25/2026,3/15/2025,Jessica Ball,,Europe
Harris and Sons,Prospecting,43824.74,11/7/2025,5/20/2025,Rebecca Spence,Technology,North America
"Cole, Fischer and Adams",Closed Won,40754.68,10/5/2026,5/18/2025,Robert Moore,Manufacturing,Europe
Romero PLC,PROSPECTING,25209.1,4/7/2026,3/13/2025,Kristen Obrien,Technology,Asia
Jimenez Ltd,qualification,7870.44,1/10/2026,5/15/2025,Amanda Owens,Technology,
Carlson-Brown,Proposal,63719.44,8/11/2026,1/9/2025,Mark Lopez,Healthcare,South America
Tucker LLC,Negotiation,34493.1,10/18/2025,3/18/2025,Mark Lopez,Finance,Europe
Bates Ltd,Prospecting,90001.04,10/9/2026,4/2/2025,Nicole Curtis,Finance,North America
Terry-Baldwin,Proposal,7243.98,5/17/2026,,,Manufacturing,Europe
Vargas Ltd,,25523.5,2/1/2026,3/25/2025,Richard Warren,Education,North America
Schultz-Waller,prospecting,28410.46,4/9/2026,1/10/2025,James Burke,Finance,North America
Green LLC,,62552.3,8/28/2026,,Rebecca Spence,Retail,Europe
Lang-Freeman,closed won,27170.54,8/30/2026,3/26/2025,Kimberly Morgan,Education,
Sanchez Inc,qualification,39360.41,1/29/2026,5/25/2025,Rebecca Spence,Manufacturing,North America
,Proposal,42466.84,12/12/2025,3/22/2025,Yvette Griffith,Healthcare,
Rodriguez Inc,PROSPECTING,69602.29,11/5/2025,5/16/2025,Spencer Stanley,Manufacturing,South America
Rogers-Rhodes,PROSPECTING,,6/25/2026,5/2/2025,Richard Warren,Manufacturing,Europe
Small PLC,prospecting,14602.75,6/16/2026,5/19/2025,Alexandra Ramos,Finance,
"Gonzalez, Jarvis and Cohen",Proposal,51388.36,8/19/2026,3/14/2025,Traci Bell DDS,Finance,North America
Davis and Sons,Negotiation,7608.15,5/14/2026,4/11/2025,David Potter,Education,
Black Group,Qualification,61978.43,5/11/2026,,Yvette Griffith,Technology,Asia
"Gonzalez, Jarvis and Cohen",closed won,35251.03,2/15/2026,2/2/2025,Martin Johnston,Education,Asia
,NEGOTIATION,77354.26,7/6/2026,5/16/2025,Craig Johnson,Retail,Asia
"Hoffman, Thomas and Hawkins",Negotiation,67133.93,11/21/2026,,Traci Bell DDS,Healthcare,South America
Green LLC,proposal,82312.48,12/6/2026,1/27/2025,James Burke,Technology,North America
Small PLC,closed won,68330.37,4/21/2026,1/2/2025,Kristen Obrien,Healthcare,Europe
Ross-Sparks,closed lost,99081.05,12/21/2025,1/2/2025,Jessica Ball,Finance,Asia
Lane-Price,closed lost,66685.16,12/13/2026,,Jessica Ball,Manufacturing,North America
Gallagher-Ellis,Qualification,11000.1,12/30/2026,4/15/2025,Miss Dorothy Collins DVM,Healthcare,Europe
Larson-Erickson,Closed Lost,73031.98,10/6/2026,1/5/2025,,Finance,Europe
Cabrera-Blake,CLOSED WON,95309.18,8/23/2026,3/21/2025,Catherine Ray,Education,North America
Vargas Ltd,Proposal,65210.06,1/20/2026,4/13/2025,Kimberly Morgan,Education,Europe
Vargas Ltd,PROPOSAL,28039.14,11/15/2025,3/8/2025,Jonathan Patterson,Education,Europe
"Levine, Porter and Reed",Negotiation,34874.26,7/11/2026,5/26/2025,Kathleen Harris,Retail,Asia
Spencer-Wright,proposal,,2/16/2026,,Ryan Mann,Technology,South America
Campbell-Hanson,proposal,66785.83,10/19/2025,5/12/2025,Jonathan Patterson,Finance,Asia
,Closed Lost,53281.62,,3/5/2025,David Rocha,Manufacturing,South America
"Page, Morris and Rosales",CLOSED WON,"$59,921.05 ",10/19/2025,2/4/2025,Mark Lopez,Technology,South America
Small PLC,Prospecting,69492.42,5/26/2026,1/21/2025,Catherine Ray,Manufacturing,North America
Parks Inc,Closed Lost,28194.75,,2/15/2025,Kathleen Harris,Retail,Europe
Myers Ltd,Proposal,32249.96,9/20/2026,,,Manufacturing,Europe
Holland-Matthews,Qualification,56572.25,12/29/2025,1/10/2025,Rebecca Spence,Education,Europe
Sweeney-Graves,,33727.03,2/20/2026,3/10/2025,Bradley Macdonald,Healthcare,South America
Harrell and Sons,Closed Won,11887.82,3/30/2026,2/5/2025,Richard Warren,Technology,North America
Harris and Sons,negotiation,65358.48,5/10/2026,4/30/2025,Catherine Ray,Healthcare,Europe
,Prospecting,34152.7,10/16/2025,1/16/2025,Ryan Mann,Finance,Europe
Orr Ltd,Closed Lost,51051.22,9/20/2026,3/10/2025,Marissa Perry,Education,South America
Brown-Black,Proposal,72037.06,11/6/2025,2/11/2025,Jason Hudson,Technology,North America
Newman Ltd,CLOSED LOST,52877.93,6/8/2026,1/27/2025,David Potter,Technology,Europe
Rogers-Rhodes,Closed Lost,45361.36,12/16/2025,1/8/2025,Ryan Mann,Healthcare,Europe
Miller Group,negotiation,48797.04,1/3/2026,3/19/2025,Nicole Curtis,Healthcare,Europe
Paul Ltd,PROPOSAL,55753.38,8/18/2026,2/4/2025,Rebecca Spence,Education,Asia
Meyer-Kelly,Proposal,84160.8,11/21/2025,5/14/2025,Jonathan Patterson,Finance,Asia
"Moreno, Griffin and Lewis",Qualification,12850.14,12/27/2026,1/19/2025,Denise Lee,Finance,North America
Cabrera-Blake,CLOSED LOST,92150.45,1/16/2026,2/12/2025,Spencer Stanley,Finance,Europe
,CLOSED WON,1079.68,10/13/2025,4/22/2025,,Manufacturing,South America
"Mcgrath, Salazar and Perez",CLOSED LOST,97192.11,7/27/2026,1/12/2025,Traci Bell DDS,Healthcare,South America
Castaneda-Phillips,PROPOSAL,63451.88,10/29/2026,4/14/2025,,Healthcare,Europe
Spencer-Wright,qualification,10233.37,9/7/2026,2/23/2025,,Education,South America
Meyer-Kelly,NEGOTIATION,76984.73,12/28/2025,1/13/2025,Jason Hudson,Technology,Asia
,Prospecting,81320.95,11/26/2025,3/23/2025,Miss Dorothy Collins DVM,Healthcare,South America
Myers Ltd,Closed Won,16182.45,11/27/2026,1/19/2025,Miss Dorothy Collins DVM,Technology,South America
Roman-Parker,Qualification,"$76,219.23 ",3/20/2026,1/5/2025,Michael Horton,Retail,South America
Orr Ltd,PROPOSAL,38756.72,5/22/2026,4/2/2025,Michael Horton,Manufacturing,Asia
Vargas Ltd,proposal,7754.19,10/27/2025,1/29/2025,Brittany Chaney,Healthcare,Europe
Davis and Sons,NEGOTIATION,"$30,762.66 ",4/4/2026,3/25/2025,Mark Lopez,Healthcare,North America
Wilson and Sons,Prospecting,78296.36,10/28/2026,4/11/2025,Traci Bell DDS,Retail,Europe
"Palmer, Sloan and Clark",proposal,98655.38,12/12/2025,3/17/2025,Mark Lopez,Manufacturing,Europe
Wright-Moran,Closed Won,30629.43,11/16/2026,5/8/2025,Denise Lee,Retail,North America
Harrell and Sons,CLOSED LOST,,9/12/2026,2/21/2025,Jonathan Patterson,Retail,North America
Cabrera-Blake,Negotiation,78842.44,7/3/2026,5/27/2025,Jonathan Patterson,Retail,North America
"Thompson, Nelson and Peterson",closed lost,25781.26,12/22/2025,1/20/2025,Miss Dorothy Collins DVM,Finance,North America
"Fisher, Sweeney and Newman",negotiation,43333.87,10/1/2026,4/8/2025,Marissa Perry,Healthcare,North America
"Davis, Woods and Lewis",closed won,45792.68,9/6/2026,2/24/2025,James Burke,Education,Asia
Black Group,Negotiation,68504.8,4/30/2026,,Catherine Ray,Healthcare,North America
Wright-Moran,PROPOSAL,37535.3,10/3/2026,2/15/2025,Yvette Griffith,,South America
Sweeney-Graves,Prospecting,42797.59,11/21/2025,1/13/2025,Ryan Mann,Finance,
Rodriguez Group,closed won,10861,3/13/2026,5/11/2025,Brittany Chaney,Manufacturing,South America
Davis and Sons,Negotiation,,10/14/2025,5/11/2025,Spencer Stanley,Manufacturing,Asia
Castaneda-Phillips,NEGOTIATION,,8/29/2026,1/31/2025,Catherine Ray,Technology,North America
Larson-Erickson,Qualification,42481.11,11/17/2026,4/10/2025,Richard Warren,Technology,Asia
Wilson and Sons,QUALIFICATION,47706.7,3/23/2026,4/15/2025,Amanda Owens,Finance,Asia
Rodriguez Inc,Negotiation,73207.38,12/11/2025,4/19/2025,Kristen Obrien,Technology,Asia
Pineda Ltd,negotiation,56430.09,10/24/2026,5/16/2025,Catherine Ray,,North America
Vargas Ltd,closed won,24582.46,10/2/2025,3/28/2025,Catherine Ray,Education,
Graham-Simon,Closed Lost,78130.84,12/13/2026,4/5/2025,Spencer Stanley,Technology,Asia
Holland-Matthews,PROPOSAL,24652.2,,3/9/2025,Michael Horton,Retail,Europe
,negotiation,36857.71,3/11/2026,5/21/2025,Yvette Griffith,Healthcare,Asia
Lang-Freeman,Proposal,"$51,836.28 ",1/19/2026,2/10/2025,Michael Horton,Retail,Europe
Newman Ltd,CLOSED LOST,15368.32,10/16/2026,4/30/2025,Kristen Obrien,Retail,North America
Smith-Moore,Proposal,16375.99,10/31/2026,2/14/2025,Alexandra Ramos,Technology,Europe
Orr Ltd,Negotiation,98461.26,,5/6/2025,Catherine Ray,Healthcare,
Harrell and Sons,,25710.95,9/16/2026,3/16/2025,David Potter,Technology,North America
Newman Ltd,Closed Won,62665.83,,1/28/2025,Yvette Griffith,Manufacturing,Europe
Schroeder and Sons,Closed Lost,,4/2/2026,5/14/2025,David Rocha,Manufacturing,Asia
,CLOSED WON,89345.98,10/12/2026,2/17/2025,David Potter,Education,South America
Lyons Inc,Closed Won,28569.86,5/19/2026,4/23/2025,Rebecca Spence,Healthcare,North America
Castaneda-Phillips,Closed Lost,95179.14,,2/22/2025,Miss Dorothy Collins DVM,Retail,South America
Tucker and Sons,Negotiation,52217.37,3/8/2026,,David Potter,Healthcare,Asia
Graham-Simon,CLOSED WON,54822.86,2/6/2026,3/5/2025,Craig Johnson,,South America
Graham-Simon,Closed Lost,"$6,999.70 ",11/23/2026,4/18/2025,Richard Warren,,Europe
Harris and Sons,Closed Won,40206.75,,2/14/2025,,Healthcare,South America
Jimenez Ltd,CLOSED WON,40035.64,10/10/2025,1/5/2025,Rebecca Spence,Manufacturing,South America
Hurst and Sons,Negotiation,,3/17/2026,2/6/2025,Martin Johnston,Technology,Asia
Campbell-Hanson,Negotiation,41685.46,12/21/2026,3/16/2025,Miss Dorothy Collins DVM,Finance,
Romero PLC,Qualification,50611.09,12/10/2025,5/2/2025,Kimberly Morgan,Education,Europe
"Sosa, Scott and Goodwin",closed won,72499.51,1/8/2026,1/9/2025,James Burke,Technology,Asia
"Burke, Gonzalez and Mcknight",Closed Lost,2937.87,2/16/2026,4/2/2025,Denise Lee,Retail,North America
"Thompson, Nelson and Peterson",CLOSED WON,71655.68,3/23/2026,3/27/2025,Robert Moore,Healthcare,Asia
Lyons Inc,NEGOTIATION,25489.85,11/28/2026,1/22/2025,Spencer Stanley,Manufacturing,Europe
Newman Ltd,Prospecting,44985.74,12/8/2025,1/19/2025,Robert Moore,Retail,North America
"Page, Morris and Rosales",Closed Won,40942.15,6/28/2026,1/15/2025,Ryan Mann,Education,North America
"Burke, Gonzalez and Mcknight",Closed Lost,88237.97,3/17/2026,3/4/2025,Rebecca Spence,Retail,North America
Carr PLC,PROSPECTING,18350.07,9/3/2026,5/28/2025,Richard Warren,Technology,Asia
"Carpenter, Hutchinson and Vance",CLOSED LOST,87956.49,12/2/2026,3/9/2025,Traci Bell DDS,,Europe
Bolton-Curry,Prospecting,83816.12,5/1/2026,1/19/2025,Kathleen Harris,Finance,South America
Harrell and Sons,,70491.09,,1/23/2025,Richard Warren,Retail,South America
,Prospecting,87124.11,4/26/2026,2/25/2025,David Potter,Finance,Asia
Hall-Sparks,PROPOSAL,83337.06,12/5/2025,3/28/2025,Spencer Stanley,,North America
"Smith, Grant and Allen",Closed Won,92222.49,3/30/2026,1/19/2025,Amanda Owens,Retail,North America
Orr Ltd,Negotiation,39167.84,10/12/2025,4/26/2025,Rebecca Spence,Technology,North America
Smith-Moore,NEGOTIATION,73276.61,11/24/2025,3/4/2025,Mark Lopez,Retail,Europe
Mclaughlin Inc,Prospecting,29424.36,12/29/2025,2/17/2025,David Rocha,Technology,South America
Schroeder and Sons,Proposal,8911.79,10/27/2026,4/2/2025,Jessica Ball,Healthcare,Europe
"Villegas, Gomez and Ortiz",proposal,90966.08,12/29/2025,,Spencer Stanley,Manufacturing,Asia
"Moreno, Griffin and Lewis",CLOSED WON,21956.8,7/17/2026,4/16/2025,Rebecca Spence,Finance,Europe
Schultz-Waller,Prospecting,71566,4/13/2026,2/20/2025,Jason Hudson,Manufacturing,South America
"Thompson, Nelson and Peterson",Closed Lost,87498.63,3/21/2026,2/13/2025,Richard Warren,Technology,Asia
Lane-Price,proposal,,5/30/2026,3/4/2025,Alexandra Ramos,Technology,Europe
Black Group,negotiation,42995.65,11/23/2026,1/26/2025,Ryan Mann,Manufacturing,South America
"Fisher, Sweeney and Newman",Negotiation,55936.41,8/29/2026,3/29/2025,Alexandra Ramos,Education,Europe
Green LLC,proposal,94328.24,5/17/2026,,Richard Warren,Manufacturing,Europe
"Fisher, Sweeney and Newman",qualification,57016.36,10/15/2026,1/19/2025,Michael Horton,Retail,Asia
Tyler Group,Qualification,87212.73,12/23/2025,1/14/2025,Martin Johnston,Education,Europe
Hurst and Sons,Closed Won,88675.38,11/23/2026,4/12/2025,,Education,South America
Green LLC,Closed Lost,44474.26,12/22/2025,4/6/2025,Jennifer Cox,Education,North America
"Smith, Grant and Allen",Proposal,10373.41,12/18/2025,,Kristen Obrien,Healthcare,Asia
Campbell-Hanson,prospecting,37979.82,12/28/2025,2/14/2025,,Manufacturing,North America
Sweeney-Graves,qualification,33810.96,9/8/2026,,Jason Hudson,Manufacturing,South America
Ramirez PLC,proposal,32719.08,7/10/2026,,Richard Warren,Finance,Asia
Liu-Malone,Qualification,50470.29,7/3/2026,3/29/2025,James Burke,Manufacturing,North America
"Carpenter, Hutchinson and Vance",Closed Lost,36782.6,6/13/2026,,Bradley Macdonald,Education,North America
Castaneda-Phillips,closed lost,"$20,973.03 ",10/10/2026,3/25/2025,Brittany Chaney,Healthcare,Asia
"Kaufman, Abbott and Mendez",qualification,65848.95,5/6/2026,3/25/2025,Marissa Perry,Manufacturing,Europe
Small PLC,prospecting,60527.91,12/19/2025,2/6/2025,Kathleen Harris,Technology,Europe
Nichols Ltd,Prospecting,54800.74,6/23/2026,2/17/2025,Jessica Ball,Technology,Europe
"Griffith, Mejia and Rodriguez",Negotiation,35942.6,9/6/2026,2/27/2025,David Rocha,Manufacturing,Asia
Lang-Freeman,closed lost,56590.21,10/12/2025,4/10/2025,Marissa Perry,Manufacturing,Asia
Vargas Ltd,PROPOSAL,81504.2,9/28/2026,2/24/2025,James Burke,Education,Europe
Martin-Hernandez,negotiation,90759.83,11/17/2025,1/7/2025,Martin Johnston,Manufacturing,Asia
"Davis, Woods and Lewis",closed lost,67930.45,7/6/2026,4/11/2025,Robert Moore,Healthcare,South America
"Fisher, Sweeney and Newman",NEGOTIATION,4290.23,1/10/2026,2/23/2025,David Rocha,Technology,Asia
Carlson-Brown,QUALIFICATION,,11/12/2025,4/19/2025,Nicole Curtis,Retail,South America
Wilson and Sons,negotiation,29514.22,5/13/2026,3/6/2025,Marissa Perry,,North America
Paul Ltd,Negotiation,11192.19,9/27/2026,,Bradley Macdonald,Retail,South America
Liu-Malone,QUALIFICATION,8906.15,10/4/2025,3/12/2025,Kathleen Harris,Manufacturing,South America
Larson-Erickson,negotiation,26197,5/18/2026,4/7/2025,Rebecca Spence,Finance,Europe
Hurst and Sons,Prospecting,10340.02,10/14/2025,2/22/2025,Craig Johnson,Finance,Europe
Smith-Moore,Proposal,72729.52,3/26/2026,2/19/2025,Michael Horton,Healthcare,North America
,PROPOSAL,83562.67,11/23/2025,2/20/2025,Catherine Ray,Healthcare,South America
Roman-Parker,Prospecting,35331.21,10/7/2025,5/4/2025,Amanda Owens,Education,Asia
Williams Ltd,QUALIFICATION,42259.99,3/15/2026,4/3/2025,Martin Johnston,Retail,Europe
Green Inc,Prospecting,27150.58,,5/1/2025,Kathleen Harris,Technology,North America
Wright-Moran,Closed Lost,2378.06,3/2/2026,2/20/2025,Alexandra Ramos,Technology,Asia
Smith-Moore,proposal,5579.43,9/18/2026,3/13/2025,Jason Hudson,Education,Europe
Schroeder and Sons,negotiation,43091.97,7/7/2026,4/22/2025,Nicole Curtis,Technology,Asia
Compton Inc,Negotiation,98809.54,10/16/2026,5/31/2025,,Finance,Asia
"Fisher, Sweeney and Newman",QUALIFICATION,79536.45,7/2/2026,3/3/2025,Jason Hudson,Education,Europe
Rogers-Rhodes,qualification,70572.62,10/13/2025,5/11/2025,,Healthcare,North America
Rodriguez Group,Closed Lost,2632.7,2/21/2026,1/20/2025,Martin Johnston,Education,
Graham-Simon,PROPOSAL,,12/24/2025,1/11/2025,Jessica Ball,Technology,Europe
Wilson and Sons,PROSPECTING,12522.05,7/5/2026,5/14/2025,Michael Horton,,South America
,Proposal,48112.95,3/17/2026,4/9/2025,Denise Lee,Technology,South America
Roman-Parker,Closed Lost,,3/30/2026,2/18/2025,Denise Lee,Education,South America
Robinson Ltd,QUALIFICATION,52812.39,9/18/2026,3/8/2025,Bradley Macdonald,Healthcare,
Tucker LLC,Prospecting,,4/30/2026,4/8/2025,Ryan Mann,Manufacturing,Asia
,CLOSED WON,5628.93,1/3/2026,1/2/2025,Brittany Chaney,Education,North America
Carlson-Brown,closed lost,10066.43,3/9/2026,5/19/2025,James Burke,Education,Asia
Meyer-Kelly,Proposal,,7/7/2026,4/13/2025,Brittany Chaney,Technology,North America
Tyler Group,Closed Lost,74111.68,8/5/2026,3/11/2025,Yvette Griffith,Technology,North America
,closed lost,17993.77,6/7/2026,5/17/2025,Ryan Mann,Education,South America
Wright-Moran,QUALIFICATION,46388.78,9/28/2026,5/9/2025,Jonathan Patterson,Retail,
Parks Inc,Qualification,32577.85,6/2/2026,,Nicole Curtis,Manufacturing,Europe
Hurst and Sons,Closed Lost,41089.58,10/14/2025,5/1/2025,Amanda Owens,Education,South America
,PROPOSAL,83659.66,8/14/2026,4/28/2025,Jonathan Patterson,Finance,South America
Wilson and Sons,Prospecting,41023.63,10/13/2025,2/3/2025,Spencer Stanley,Technology,South America
"Patton, Mann and Chen",closed won,85559.26,12/31/2026,,Jonathan Patterson,Manufacturing,Asia
"Gonzalez, Jarvis and Cohen",negotiation,97040.38,10/12/2026,4/17/2025,Jessica Ball,Manufacturing,Asia
Compton Inc,closed lost,39591.43,1/6/2026,3/17/2025,Alexandra Ramos,Technology,North America
Wilson and Sons,closed lost,57371.04,11/8/2026,2/28/2025,Jessica Ball,Healthcare,Asia
"Lynch, Johnson and Hester",Proposal,9366.13,12/4/2026,4/10/2025,Catherine Ray,Finance,Europe
Paul Ltd,Prospecting,99509.56,7/22/2026,3/18/2025,Alexandra Ramos,,Asia
Smith-Moore,Proposal,16754.37,3/19/2026,5/3/2025,Mark Lopez,Healthcare,Asia
Robinson Ltd,Closed Won,36446.37,1/17/2026,1/4/2025,David Potter,Retail,South America
"Griffith, Mejia and Rodriguez",closed lost,73221.25,4/28/2026,3/13/2025,David Potter,Retail,Asia
"Gonzalez, Jarvis and Cohen",qualification,25267.92,11/19/2025,3/28/2025,Kathleen Harris,Finance,South America
Roman-Parker,Closed Won,74321.32,6/4/2026,1/19/2025,Rebecca Spence,Healthcare,North America
"Carpenter, Hutchinson and Vance",QUALIFICATION,29563.79,2/28/2026,2/1/2025,Amanda Owens,Retail,Asia
Myers Ltd,Closed Lost,67868.43,3/17/2026,5/11/2025,Alexandra Ramos,Retail,Asia
Tucker and Sons,closed lost,79100.42,7/10/2026,,,Healthcare,Asia
"Pearson, James and Wagner",Closed Won,76837.61,2/26/2026,4/17/2025,David Potter,Finance,South America
Schroeder and Sons,closed lost,32216.66,1/2/2026,1/1/2025,Miss Dorothy Collins DVM,Finance,South America
"Levine, Porter and Reed",qualification,,3/6/2026,1/23/2025,Jason Hudson,Technology,South America
"Gonzalez, Jarvis and Cohen",Prospecting,80771.6,11/12/2026,4/20/2025,Rebecca Spence,Education,Europe
,,68965.97,5/16/2026,5/23/2025,Jennifer Cox,Technology,Asia
"Miles, Alvarado and Bauer",Closed Won,,12/17/2026,5/11/2025,Bradley Macdonald,Education,South America
"Thompson, Nelson and Peterson",negotiation,"$36,668.42 ",11/23/2026,2/3/2025,Brittany Chaney,Manufacturing,Europe
Hall-Sparks,Negotiation,56581.7,6/6/2026,1/9/2025,Catherine Ray,Retail,Europe
"Fisher, Sweeney and Newman",PROPOSAL,19291.32,3/2/2026,2/22/2025,Ryan Mann,Education,South America
Rodriguez Inc,Qualification,84230.76,9/3/2026,1/27/2025,David Rocha,Retail,North America
Liu-Malone,CLOSED LOST,,6/20/2026,,Jason Hudson,Manufacturing,South America
Miller Group,qualification,67001.81,3/23/2026,4/11/2025,Rebecca Spence,Retail,Asia
Bolton-Curry,Negotiation,,10/24/2025,2/20/2025,Ryan Mann,Education,North America
Schroeder and Sons,closed lost,,11/5/2025,3/16/2025,Jonathan Patterson,Manufacturing,South America
Nichols Ltd,CLOSED LOST,43692.55,10/26/2026,1/22/2025,Brittany Chaney,Manufacturing,Asia
"Fisher, Sweeney and Newman",Closed Won,52572.15,11/2/2026,2/3/2025,Miss Dorothy Collins DVM,Education,South America
Romero PLC,closed won,63449.58,12/12/2025,2/18/2025,Rebecca Spence,Manufacturing,Europe
"Moreno, Griffin and Lewis",QUALIFICATION,57752.79,8/12/2026,1/24/2025,David Potter,Manufacturing,Asia
Roman-Parker,PROPOSAL,38588.87,3/2/2026,4/16/2025,Brittany Chaney,Finance,Asia
Vargas Ltd,closed lost,26374.7,11/12/2026,5/22/2025,Spencer Stanley,Healthcare,South America
Knight-Wilcox,Prospecting,84073.31,6/22/2026,3/3/2025,Robert Moore,Retail,Asia
Davis and Sons,Closed Won,51734.45,4/1/2026,1/10/2025,Yvette Griffith,Manufacturing,South America
Rodriguez Inc,Closed Lost,"$18,802.49 ",7/15/2026,4/6/2025,Jennifer Cox,Retail,North America
Rodriguez Inc,,71760.59,12/14/2026,3/20/2025,Rebecca Spence,Retail,Europe
Davis and Sons,Closed Won,67301.56,9/28/2026,4/22/2025,Amanda Owens,Retail,Europe
Carlson-Brown,prospecting,14661.21,10/28/2025,,Rebecca Spence,Healthcare,Europe
Carlson-Brown,Prospecting,43481.55,12/25/2026,3/4/2025,Michael Horton,,Asia
"Gonzalez, Jarvis and Cohen",closed lost,"$78,154.00 ",2/9/2026,4/9/2025,Denise Lee,Manufacturing,Asia
"Mcgrath, Salazar and Perez",proposal,"$88,603.03 ",7/9/2026,2/9/2025,Brittany Chaney,Education,Europe
Davis and Sons,proposal,37026.67,3/15/2026,4/2/2025,Jennifer Cox,Manufacturing,North America
Bates Ltd,negotiation,59513.32,5/23/2026,4/22/2025,,Education,Asia
Jimenez Ltd,negotiation,2926.61,6/10/2026,1/18/2025,,Technology,South America
"Gonzalez, Jarvis and Cohen",Prospecting,53771.72,10/26/2025,1/26/2025,Spencer Stanley,Retail,Europe
Parker-Brown,Proposal,65289.77,,1/16/2025,David Potter,Healthcare,South America
Bates Ltd,CLOSED LOST,23552.1,1/31/2026,4/30/2025,Mark Lopez,Manufacturing,Asia
Martin-Hernandez,Negotiation,85961.6,8/8/2026,3/24/2025,Rebecca Spence,Retail,
Liu-Malone,QUALIFICATION,66949.32,7/23/2026,4/13/2025,Traci Bell DDS,Healthcare,South America
Rodriguez Group,Proposal,54445.46,2/22/2026,1/22/2025,Denise Lee,,South America
Liu-Malone,qualification,30316.15,1/28/2026,3/25/2025,Catherine Ray,Retail,South America
Wilson and Sons,Proposal,5428.01,6/28/2026,5/28/2025,Alexandra Ramos,Healthcare,Asia
"Kaufman, Abbott and Mendez",closed lost,20594.42,10/18/2025,4/28/2025,Craig Johnson,Technology,North America
"Thompson, Nelson and Peterson",proposal,72250.56,9/28/2026,3/4/2025,Kristen Obrien,Manufacturing,Europe
Tyler Group,Closed Lost,91125.03,10/16/2026,4/13/2025,Catherine Ray,Healthcare,Europe
"Smith, Grant and Allen",Closed Lost,92286.99,11/7/2026,3/27/2025,Mark Lopez,Healthcare,South America
Schultz-Waller,NEGOTIATION,95839.82,11/22/2026,5/10/2025,Kristen Obrien,Healthcare,South America
"Sosa, Scott and Goodwin",qualification,"$7,144.77 ",,5/22/2025,Amanda Owens,Manufacturing,Europe
Rodriguez Group,CLOSED WON,1981.31,8/7/2026,4/23/2025,David Rocha,Finance,Europe
Myers Ltd,Negotiation,83262.14,,3/25/2025,Jason Hudson,Technology,North America
"Fisher, Sweeney and Newman",QUALIFICATION,2914.32,,5/11/2025,Mark Lopez,Manufacturing,
Smith-Moore,closed won,73661.05,4/24/2026,4/5/2025,James Burke,Finance,Asia
"Hoffman, Thomas and Hawkins",PROSPECTING,"$1,699.43 ",4/4/2026,3/4/2025,Jennifer Cox,Healthcare,Asia
"Hoffman, Thomas and Hawkins",Closed Won,85398.66,7/15/2026,4/25/2025,Amanda Owens,Retail,
Myers Ltd,Closed Won,26671.1,5/13/2026,4/19/2025,Richard Warren,Technology,Europe
Davis and Sons,Closed Won,10665.31,6/9/2026,3/18/2025,Mark Lopez,Healthcare,Europe
Black Group,NEGOTIATION,,11/18/2026,,Ryan Mann,Finance,Europe
Lang-Freeman,CLOSED LOST,10720.84,4/15/2026,1/2/2025,Marissa Perry,Healthcare,South America
Nichols Ltd,closed won,26137.62,10/9/2025,3/3/2025,Marissa Perry,Retail,North America
Bolton-Curry,proposal,79805.16,,1/5/2025,Yvette Griffith,Finance,Asia
Kennedy-Thornton,Closed Won,96485.8,11/13/2026,5/18/2025,David Potter,Manufacturing,Europe
Green LLC,prospecting,86420.64,9/1/2026,5/24/2025,Alexandra Ramos,Manufacturing,North America
Holland-Matthews,Closed Won,11807.53,7/20/2026,3/16/2025,Alexandra Ramos,Technology,South America
Carr PLC,prospecting,57325.56,3/8/2026,1/7/2025,Denise Lee,Finance,Europe
Romero PLC,negotiation,70581.17,11/30/2025,4/12/2025,Mark Lopez,Healthcare,North America
"Gonzalez, Jarvis and Cohen",closed lost,53036.91,10/27/2025,2/25/2025,Kathleen Harris,Manufacturing,Europe
Holland-Matthews,Prospecting,86054.77,8/22/2026,3/21/2025,Marissa Perry,Education,South America
Johnson Ltd,Proposal,59769.11,10/10/2025,2/13/2025,Kristen Obrien,Technology,Asia
Roman-Parker,Negotiation,"$50,120.52 ",8/22/2026,,,Retail,Asia
Brooks LLC,Negotiation,69784.24,6/4/2026,4/5/2025,Robert Moore,Manufacturing,North America
Grant-Phillips,Negotiation,66605.04,10/14/2026,4/15/2025,Jason Hudson,Retail,South America
Romero PLC,,92539.02,6/25/2026,3/15/2025,Mark Lopez,Healthcare,South America
"Burke, Gonzalez and Mcknight",Closed Won,5271.31,11/12/2025,,Yvette Griffith,Finance,South America
"Mcgrath, Salazar and Perez",Closed Lost,2877.58,10/18/2025,1/19/2025,Rebecca Spence,Healthcare,North America
Wright-Moran,Prospecting,15880.46,11/23/2025,1/10/2025,Alexandra Ramos,,Asia
Lane-Price,qualification,87574.22,,4/25/2025,Rebecca Spence,Technology,South America
"Allen, Richardson and Nguyen",Closed Lost,99876.49,10/4/2026,3/2/2025,Denise Lee,Technology,South America
Davis and Sons,Prospecting,70057.83,11/2/2026,1/10/2025,Richard Warren,Education,South America
Campbell-Hanson,qualification,"$90,553.99 ",10/7/2025,2/18/2025,Denise Lee,Healthcare,South America
Parker-Brown,negotiation,47653.07,12/15/2026,2/4/2025,Jennifer Cox,Education,South America
"Mills, Moran and Strickland",proposal,59986.18,3/24/2026,4/21/2025,Craig Johnson,Technology,Europe
Mclaughlin Inc,closed lost,53768.27,6/17/2026,4/12/2025,Jennifer Cox,Retail,Asia
Cabrera-Blake,Closed Lost,,4/16/2026,5/14/2025,Mark Lopez,Finance,Asia
Pineda Ltd,Closed Won,,11/29/2025,5/25/2025,Robert Moore,Healthcare,North America
Holland-Matthews,Proposal,40706.56,3/4/2026,4/4/2025,Yvette Griffith,Technology,North America
"Fisher, Sweeney and Newman",Prospecting,10792.79,6/26/2026,2/28/2025,Marissa Perry,Manufacturing,North America
Harrell and Sons,,21392.27,12/27/2025,1/27/2025,Denise Lee,Education,Europe
Small PLC,negotiation,42387.77,,2/25/2025,Miss Dorothy Collins DVM,Healthcare,Asia
"Sexton, Williams and Solis",prospecting,44314.92,11/13/2026,2/9/2025,Jennifer Cox,Education,Europe
Roman-Parker,Prospecting,58704.9,11/21/2026,3/21/2025,Mark Lopez,Finance,North America
Hurst and Sons,Prospecting,4366.21,11/28/2025,2/14/2025,Mark Lopez,Manufacturing,South America
Black Group,Closed Won,75408.2,5/2/2026,4/4/2025,Jessica Ball,,Asia
Carr PLC,qualification,89618.95,12/26/2025,3/16/2025,Amanda Owens,Education,Asia
"Kaufman, Abbott and Mendez",closed lost,44054.43,11/18/2025,2/12/2025,Jonathan Patterson,Technology,Asia
Smith-Moore,Prospecting,12740.89,11/7/2026,4/3/2025,David Potter,Education,South America
Lyons Inc,PROPOSAL,68969.97,1/24/2026,5/31/2025,David Rocha,Healthcare,Asia
"Thompson, Nelson and Peterson",Qualification,"$16,433.77 ",9/27/2026,4/26/2025,Denise Lee,Healthcare,Asia
"Oliver, Beltran and Anderson",Qualification,95385.91,5/30/2026,3/23/2025,Catherine Ray,Retail,Asia
Lane-Price,closed lost,19829.18,9/16/2026,2/6/2025,Martin Johnston,Finance,South America
"Johnson, Brown and Robinson",prospecting,29065.55,9/9/2026,4/25/2025,,Finance,Asia
Holland-Matthews,proposal,35629.81,7/25/2026,5/5/2025,Rebecca Spence,Healthcare,North America
Gallagher-Ellis,Closed Lost,8008.23,8/15/2026,1/30/2025,Denise Lee,Education,Europe
Schultz-Waller,QUALIFICATION,99998.26,6/27/2026,3/14/2025,Alexandra Ramos,Healthcare,Europe
"Davis, Woods and Lewis",Qualification,"$9,527.32 ",10/28/2026,5/7/2025,Traci Bell DDS,Manufacturing,Europe
"Sosa, Scott and Goodwin",Proposal,66685.88,7/28/2026,1/9/2025,Yvette Griffith,Manufacturing,North America
Jimenez Ltd,Closed Won,46283.89,8/19/2026,1/23/2025,Mark Lopez,Technology,North America
Nichols Ltd,NEGOTIATION,46929.84,10/15/2026,4/24/2025,Brittany Chaney,Healthcare,South America
Myers Ltd,PROPOSAL,2584.62,4/30/2026,6/1/2025,Martin Johnston,Finance,
Meyer-Kelly,Prospecting,17425.15,10/31/2025,4/15/2025,Robert Moore,Healthcare,South America
"Sosa, Scott and Goodwin",NEGOTIATION,63833.44,10/14/2025,5/10/2025,David Rocha,Manufacturing,North America
Jackson-Simon,PROSPECTING,64606.91,5/2/2026,2/1/2025,Richard Warren,Finance,Europe
,prospecting,97411.82,2/6/2026,4/4/2025,Kristen Obrien,Healthcare,Asia
Myers Ltd,,10204.9,6/29/2026,3/22/2025,Kristen Obrien,Technology,Asia
Mclaughlin Inc,closed lost,56404.05,12/2/2025,2/18/2025,Kathleen Harris,Retail,Asia
"Lynch, Johnson and Hester",Qualification,21273.77,4/4/2026,3/1/2025,Ryan Mann,Retail,South America
Davis and Sons,,4159.49,12/2/2026,2/24/2025,Ryan Mann,Healthcare,Asia
Castaneda-Phillips,Closed Lost,14694.11,6/9/2026,2/25/2025,Richard Warren,Retail,North America
Spencer-Wright,closed won,16919.5,12/7/2025,5/10/2025,Brittany Chaney,Technology,South America
"Johnson, Brown and Robinson",QUALIFICATION,68619.74,3/30/2026,1/5/2025,Alexandra Ramos,Manufacturing,Europe
Lang-Freeman,Qualification,68434.56,1/24/2026,1/24/2025,James Burke,Healthcare,Europe
Hurst and Sons,PROPOSAL,23263.67,11/21/2025,1/17/2025,Martin Johnston,Manufacturing,
Ramirez PLC,closed won,66785.35,3/17/2026,2/16/2025,Bradley Macdonald,Manufacturing,Europe
Graham-Simon,Negotiation,"$3,861.44 ",3/23/2026,1/16/2025,Jessica Ball,Technology,Europe
"Villegas, Gomez and Ortiz",proposal,20139.39,11/22/2026,5/21/2025,Catherine Ray,Education,North America
Lyons Inc,Qualification,61556.39,11/4/2025,3/19/2025,Spencer Stanley,Healthcare,North America
"Lynch, Johnson and Hester",prospecting,5666.62,11/3/2025,3/28/2025,Bradley Macdonald,Healthcare,Europe
Williams Ltd,Closed Lost,45796.17,,3/29/2025,,Healthcare,Asia
Orr Ltd,Negotiation,,12/30/2025,4/10/2025,Kristen Obrien,Manufacturing,South America
Kennedy-Thornton,,21092.52,4/24/2026,4/2/2025,Robert Moore,,North America
Hurst and Sons,closed lost,32855.64,10/25/2025,2/27/2025,Robert Moore,Retail,Europe
Terry-Baldwin,Proposal,19826.1,3/22/2026,3/5/2025,Jason Hudson,Manufacturing,Asia
Robinson Ltd,prospecting,17672.59,2/2/2026,3/15/2025,Craig Johnson,Technology,South America
Spencer-Wright,,,8/2/2026,3/20/2025,Kristen Obrien,Healthcare,South America
Lane-Price,Prospecting,69723.97,3/12/2026,5/21/2025,Jessica Ball,Technology,Europe
"Allen, Richardson and Nguyen",PROPOSAL,66951.5,10/4/2026,5/29/2025,Richard Warren,Education,North America
"Kaufman, Abbott and Mendez",PROSPECTING,72559.13,8/25/2026,2/28/2025,Martin Johnston,Healthcare,Europe
Tyler Group,Closed Won,87224.19,8/11/2026,2/12/2025,Rebecca Spence,Education,Asia
Parks Inc,Qualification,71641.77,3/15/2026,5/17/2025,Martin Johnston,Finance,
"Fisher, Sweeney and Newman",Negotiation,2808.66,10/8/2025,5/22/2025,,Healthcare,South America
Ramirez PLC,closed lost,50992.14,5/11/2026,3/21/2025,Miss Dorothy Collins DVM,Technology,Asia
"Gonzalez, Jarvis and Cohen",negotiation,87967.18,2/28/2026,3/17/2025,Miss Dorothy Collins DVM,Finance,Asia
Orr Ltd,Closed Lost,"$46,469.20 ",1/10/2026,,Spencer Stanley,Manufacturing,South America
Roman-Parker,Qualification,38561.53,7/8/2026,5/20/2025,Miss Dorothy Collins DVM,Education,South America
Paul Ltd,Closed Won,82364.77,7/22/2026,5/8/2025,Spencer Stanley,Education,North America
Carr PLC,proposal,88058.26,1/7/2026,3/31/2025,Brittany Chaney,Manufacturing,South America
Brown-Black,Prospecting,92358.77,7/1/2026,3/12/2025,Jennifer Cox,Finance,Europe
Paul Ltd,CLOSED WON,5069.7,11/6/2026,5/10/2025,Miss Dorothy Collins DVM,Finance,North America
Hurst and Sons,Closed Won,31976.25,12/7/2025,1/25/2025,Richard Warren,Retail,
,closed won,,11/15/2025,3/15/2025,Amanda Owens,Healthcare,Asia
Bolton-Curry,proposal,76029.74,6/2/2026,4/14/2025,Alexandra Ramos,Retail,North America
Hernandez PLC,Closed Lost,87887.56,11/30/2025,2/2/2025,Martin Johnston,Technology,Asia
Pineda Ltd,Proposal,42893.66,10/17/2026,3/15/2025,Jessica Ball,Education,Europe
Sanchez Inc,Closed Lost,48141.22,3/31/2026,2/6/2025,Jonathan Patterson,Education,North America
Larson-Erickson,Closed Won,"$56,978.68 ",11/29/2025,1/19/2025,Jennifer Cox,Technology,Asia
Castaneda-Phillips,NEGOTIATION,41587.39,3/13/2026,4/16/2025,Alexandra Ramos,Healthcare,Europe
"Crane, Spears and Adams",,19759.4,8/11/2026,3/13/2025,Richard Warren,Finance,Europe
"Allen, Richardson and Nguyen",NEGOTIATION,28107.48,11/30/2026,1/20/2025,,Manufacturing,North America
"Thompson, Nelson and Peterson",closed won,34055.04,8/23/2026,2/26/2025,Miss Dorothy Collins DVM,Manufacturing,South America
Johnson Ltd,QUALIFICATION,88267.93,12/18/2025,5/11/2025,Amanda Owens,Healthcare,
Hurst and Sons,Prospecting,59960.71,,1/15/2025,Kimberly Morgan,Manufacturing,Europe
Graham-Simon,NEGOTIATION,20696.6,8/23/2026,2/5/2025,Jennifer Cox,Education,Asia
Roman-Parker,QUALIFICATION,98078.87,7/24/2026,1/25/2025,Jessica Ball,Healthcare,North America
,closed won,31887.8,2/14/2026,4/12/2025,David Potter,Healthcare,Europe
Parks Inc,proposal,91300.94,7/19/2026,4/14/2025,Catherine Ray,Education,Asia
Parker-Brown,closed won,30334.26,11/27/2025,5/24/2025,Richard Warren,Retail,Asia
Hall-Sparks,Negotiation,84453.12,7/9/2026,3/3/2025,Miss Dorothy Collins DVM,Retail,South America
Hernandez PLC,Closed Lost,81644.49,9/21/2026,2/24/2025,Kimberly Morgan,Retail,Asia
Compton Inc,Proposal,43372.4,1/19/2026,3/2/2025,Alexandra Ramos,Retail,Europe
Brooks LLC,Closed Lost,6517.45,2/4/2026,1/21/2025,Jason Hudson,Healthcare,North America
"Griffith, Mejia and Rodriguez",qualification,43658.97,7/3/2026,2/21/2025,James Burke,Finance,Europe
Williams Ltd,Qualification,81825.36,10/4/2025,3/13/2025,David Rocha,Manufacturing,Asia
Liu-Malone,Negotiation,96676.56,6/3/2026,5/28/2025,Jennifer Cox,,North America
"Pearson, James and Wagner",negotiation,8837.1,6/4/2026,5/20/2025,Bradley Macdonald,Technology,Asia
Smith-Moore,closed lost,75304.63,9/5/2026,2/4/2025,Yvette Griffith,Retail,North America
Roman-Parker,prospecting,89062.02,8/8/2026,5/19/2025,Richard Warren,Technology,Europe
"Moreno, Griffin and Lewis",closed won,71664.68,10/2/2026,5/6/2025,Martin Johnston,Technology,North America
Sweeney-Graves,Qualification,16442.22,12/3/2026,1/16/2025,Richard Warren,Manufacturing,North America
,Negotiation,23249.94,12/3/2026,4/11/2025,Kathleen Harris,,North America
Green Inc,Qualification,97182.92,5/18/2026,3/17/2025,Jennifer Cox,,North America
,Qualification,63740.42,11/27/2026,1/22/2025,David Potter,Healthcare,Asia
Campbell-Hanson,prospecting,74446.61,4/16/2026,6/1/2025,Jennifer Cox,Healthcare,Europe
Myers Ltd,Proposal,89052.49,7/22/2026,3/3/2025,Traci Bell DDS,Healthcare,Asia
Tucker and Sons,closed lost,"$22,231.95 ",6/6/2026,5/13/2025,,Manufacturing,South America
Wilson and Sons,closed won,59595.14,3/1/2026,3/3/2025,Kristen Obrien,Healthcare,South America
"Kaufman, Abbott and Mendez",,11304.68,10/24/2026,4/4/2025,Bradley Macdonald,Manufacturing,
"Pearson, James and Wagner",Closed Won,55578.46,12/31/2025,3/14/2025,Yvette Griffith,Healthcare,Europe
Bates Ltd,Qualification,70682.02,9/23/2026,1/20/2025,Michael Horton,Education,Asia
Lyons Inc,Closed Won,45711.29,8/13/2026,3/20/2025,Miss Dorothy Collins DVM,Retail,North America
Sanchez Inc,closed won,82507.98,,3/2/2025,Nicole Curtis,Healthcare,
Brown-Mcpherson,Prospecting,19057.37,1/7/2026,1/3/2025,Spencer Stanley,Manufacturing,Europe
"Allen, Richardson and Nguyen",proposal,6502.73,5/4/2026,4/27/2025,Kimberly Morgan,Technology,
"Fisher, Sweeney and Newman",closed lost,19301.15,3/17/2026,5/25/2025,,Manufacturing,North America
,Qualification,56718.79,10/1/2026,3/7/2025,Miss Dorothy Collins DVM,Manufacturing,South America
"Levine, Porter and Reed",Proposal,23835.69,11/9/2025,1/18/2025,Spencer Stanley,Manufacturing,Europe
Tyler Group,negotiation,87809.63,10/27/2025,4/20/2025,,Healthcare,South America
Johnson Ltd,,27703.11,5/2/2026,4/1/2025,,Manufacturing,Asia
Jackson-Simon,prospecting,25078.63,9/13/2026,1/29/2025,Craig Johnson,Retail,Asia
"Griffith, Mejia and Rodriguez",closed won,56772.22,11/30/2026,2/15/2025,Kristen Obrien,Finance,North America
"Mcgrath, Salazar and Perez",QUALIFICATION,76488.56,4/13/2026,5/23/2025,Brittany Chaney,Retail,Europe
Cabrera-Blake,prospecting,39724.74,10/15/2025,1/1/2025,Jonathan Patterson,,North America
"Thompson, Nelson and Peterson",Qualification,79325.99,5/30/2026,5/3/2025,Kimberly Morgan,Education,Europe
Green LLC,PROSPECTING,48342.09,1/6/2026,3/20/2025,Michael Horton,Finance,Europe
Sweeney-Graves,Proposal,87836.76,4/11/2026,3/21/2025,James Burke,Healthcare,Europe
Tucker and Sons,Qualification,1916.27,2/21/2026,3/25/2025,James Burke,Technology,
"Mills, Moran and Strickland",qualification,14974.76,6/13/2026,2/26/2025,David Potter,Manufacturing,South America
"Lynch, Johnson and Hester",CLOSED WON,3018.75,5/15/2026,4/17/2025,Michael Horton,Technology,Europe
Lyons Inc,Closed Won,,7/24/2026,3/30/2025,Mark Lopez,Retail,South America
Campbell-Hanson,Closed Lost,33160.68,5/22/2026,1/5/2025,Kristen Obrien,Manufacturing,South America
Larson-Erickson,NEGOTIATION,28088.4,8/2/2026,1/25/2025,Martin Johnston,Manufacturing,Europe
"Oliver, Beltran and Anderson",proposal,92236.11,3/30/2026,3/5/2025,Traci Bell DDS,Healthcare,South America
Campbell-Hanson,proposal,23790.51,,5/28/2025,,Healthcare,North America
Lyons Inc,Closed Won,47738.38,10/22/2025,1/5/2025,Kathleen Harris,Technology,North America
,PROSPECTING,19734.83,1/19/2026,4/19/2025,Spencer Stanley,Technology,South America
Robinson Ltd,Prospecting,"$68,094.31 ",4/27/2026,2/18/2025,Denise Lee,Education,South America
Parks Inc,Proposal,14482.78,6/15/2026,2/16/2025,Kathleen Harris,Education,Europe
Schroeder and Sons,Closed Won,16957.73,5/16/2026,1/25/2025,,Retail,Europe
Miller Group,,17262.08,,1/23/2025,Jennifer Cox,Healthcare,Europe
"Sexton, Williams and Solis",Prospecting,49373.2,11/27/2025,5/6/2025,Yvette Griffith,Healthcare,South America
Bates Ltd,Closed Won,54901.22,6/25/2026,2/7/2025,Ryan Mann,Manufacturing,South America
Gallagher-Ellis,closed lost,78707.26,4/5/2026,3/3/2025,Jonathan Patterson,Manufacturing,Europe
,proposal,,5/1/2026,3/25/2025,James Burke,Healthcare,North America
Cabrera-Blake,Prospecting,62112.25,7/9/2026,4/2/2025,Mark Lopez,Technology,Asia
Sweeney-Graves,Negotiation,70853.4,8/2/2026,,Robert Moore,Finance,Europe
Schultz-Waller,prospecting,55321.66,10/20/2026,4/16/2025,Denise Lee,Education,South America
Rodriguez Inc,CLOSED WON,,12/8/2026,5/18/2025,Catherine Ray,Finance,South America
Schroeder and Sons,PROPOSAL,16876.32,3/24/2026,2/2/2025,Martin Johnston,Retail,North America
"Pearson, James and Wagner",Closed Lost,,10/19/2026,1/2/2025,Mark Lopez,Finance,South America
Terry-Baldwin,prospecting,49719.84,6/4/2026,5/14/2025,Marissa Perry,Technology,Asia
Knight-Wilcox,qualification,59009.98,9/20/2026,4/19/2025,Kathleen Harris,Healthcare,Europe
"Levine, Porter and Reed",Prospecting,90232.77,8/26/2026,3/20/2025,Rebecca Spence,Education,Asia
Sanchez Inc,NEGOTIATION,42169.35,11/27/2026,1/8/2025,David Rocha,Technology,Europe
Tucker LLC,,64829.68,4/28/2026,4/16/2025,Robert Moore,Technology,Asia
"Kaufman, Abbott and Mendez",Closed Lost,6176.01,3/25/2026,5/3/2025,Bradley Macdonald,Healthcare,Europe
Parker-Brown,Closed Lost,2544.02,12/26/2025,1/15/2025,Kristen Obrien,,South America
,qualification,,5/28/2026,3/3/2025,Traci Bell DDS,Retail,Asia
,Qualification,19435.33,5/19/2026,4/1/2025,Yvette Griffith,Retail,Europe
Kennedy-Thornton,CLOSED LOST,,10/30/2025,2/25/2025,Richard Warren,Finance,North America
Green Inc,CLOSED LOST,53942.24,10/31/2025,5/19/2025,Jessica Ball,Finance,South America
Orr Ltd,Proposal,55709.85,10/21/2025,5/18/2025,Bradley Macdonald,Finance,South America
,Closed Won,79425.66,1/24/2026,1/21/2025,Amanda Owens,Manufacturing,Europe
"Fisher, Sweeney and Newman",negotiation,12662.18,5/6/2026,3/27/2025,Alexandra Ramos,Manufacturing,North America
Miller Group,Negotiation,20421.38,,5/3/2025,Mark Lopez,Healthcare,Europe
Tucker LLC,Closed Lost,45818.09,10/8/2025,2/25/2025,Martin Johnston,Manufacturing,Asia
Castaneda-Phillips,PROPOSAL,32127.08,11/5/2025,3/20/2025,Richard Warren,Education,Europe
Black Group,prospecting,28199.97,10/12/2025,1/10/2025,Rebecca Spence,Retail,North America
Green Inc,Qualification,18397.36,5/11/2026,3/13/2025,,Education,
"Cole, Fischer and Adams",proposal,24519.85,3/28/2026,4/13/2025,Spencer Stanley,Healthcare,Asia
Bates Ltd,PROSPECTING,83184.4,,1/30/2025,Catherine Ray,Healthcare,North America
"Hoffman, Thomas and Hawkins",Negotiation,42657.24,8/15/2026,1/2/2025,,Education,North America
"Pearson, James and Wagner",qualification,46984.73,6/20/2026,3/31/2025,Robert Moore,Finance,
Richardson LLC,QUALIFICATION,24029.6,10/24/2026,3/19/2025,Yvette Griffith,Manufacturing,North America
Lane-Price,Negotiation,97378.8,11/7/2025,3/29/2025,Amanda Owens,Retail,Asia
Wright-Moran,proposal,95337.78,4/19/2026,4/11/2025,Kathleen Harris,Technology,Asia
"Crane, Spears and Adams",,33125.1,4/12/2026,3/25/2025,Richard Warren,Healthcare,Europe
Larson-Erickson,Closed Won,94727.04,12/17/2026,5/25/2025,Denise Lee,Technology,
"Gonzalez, Jarvis and Cohen",prospecting,,7/24/2026,2/2/2025,Spencer Stanley,Finance,Asia
Jimenez Ltd,Closed Won,51361.56,12/7/2026,3/8/2025,James Burke,Education,Asia
Terry-Baldwin,Qualification,23925.93,8/6/2026,1/2/2025,Kimberly Morgan,Retail,Europe
Richardson LLC,Negotiation,71823.97,3/2/2026,2/27/2025,Kathleen Harris,Retail,Asia
,Closed Won,89587.64,1/25/2026,,Robert Moore,Retail,Asia
"Lynch, Johnson and Hester",Prospecting,15566.32,10/2/2026,4/22/2025,James Burke,Finance,North America
Parks Inc,proposal,50331.36,2/7/2026,,David Rocha,Education,North America
,Closed Lost,17684.19,10/4/2026,2/27/2025,Ryan Mann,Healthcare,North America
Compton Inc,Closed Lost,83149.01,4/15/2026,2/27/2025,Kathleen Harris,Manufacturing,Asia
Hurst and Sons,closed won,33359.02,7/14/2026,4/27/2025,Jennifer Cox,Retail,South America
Lyons Inc,CLOSED LOST,36284.44,8/18/2026,1/11/2025,Robert Moore,Technology,North America
"Allen, Richardson and Nguyen",closed won,97295,9/13/2026,4/21/2025,David Potter,Retail,South America
Rodriguez Inc,negotiation,24641.94,4/8/2026,5/6/2025,Michael Horton,Finance,Europe
"Sexton, Williams and Solis",negotiation,36816.14,2/27/2026,3/17/2025,Kimberly Morgan,,Europe
Romero PLC,Prospecting,10008.53,8/29/2026,1/25/2025,Martin Johnston,Retail,Europe
Brown-Mcpherson,qualification,15261.02,11/13/2025,5/1/2025,Catherine Ray,Healthcare,South America
"Oliver, Beltran and Anderson",qualification,63111.29,2/15/2026,5/21/2025,Jason Hudson,Healthcare,Asia
Compton Inc,CLOSED LOST,9793.74,5/23/2026,3/14/2025,,Technology,North America
Kennedy-Thornton,,15436.69,12/7/2025,1/4/2025,,Technology,Asia
"Cole, Fischer and Adams",CLOSED WON,82919.51,3/11/2026,4/28/2025,Amanda Owens,Technology,South America
Newman Ltd,negotiation,62953.62,11/20/2026,5/30/2025,Nicole Curtis,,Europe
"Lynch, Johnson and Hester",Prospecting,62837.11,9/3/2026,3/1/2025,David Potter,Retail,South America
Holland-Matthews,Qualification,74411.35,10/11/2025,4/21/2025,Jason Hudson,Finance,North America
Brooks LLC,NEGOTIATION,24963.69,10/26/2026,2/21/2025,Kristen Obrien,Technology,Asia
"Davis, Woods and Lewis",QUALIFICATION,7075.2,11/12/2026,4/24/2025,Spencer Stanley,Technology,Europe
"Levine, Porter and Reed",Closed Won,94715.31,4/13/2026,4/2/2025,Richard Warren,Manufacturing,Asia
"Cole, Fischer and Adams",Closed Won,47737.82,4/4/2026,1/31/2025,Miss Dorothy Collins DVM,Manufacturing,Europe
Wilson and Sons,PROPOSAL,60552.58,1/7/2026,2/11/2025,Denise Lee,Finance,North America
Martin-Hernandez,Negotiation,20047.01,11/7/2025,,Alexandra Ramos,Technology,Asia
"Page, Morris and Rosales",closed lost,52316.15,11/7/2026,2/15/2025,Nicole Curtis,Manufacturing,North America
Campbell-Hanson,Closed Lost,75519.41,,4/11/2025,Rebecca Spence,Technology,
Lane-Price,Negotiation,28842.85,10/2/2026,3/17/2025,Kimberly Morgan,Education,Asia
Paul Ltd,Qualification,94607.45,3/28/2026,1/4/2025,Jennifer Cox,Education,South America
Pineda Ltd,qualification,"$88,770.14 ",11/13/2025,,Brittany Chaney,Finance,Asia
"Marshall, Combs and Johnson",negotiation,37215.64,7/10/2026,4/7/2025,Mark Lopez,Technology,
Davis and Sons,closed won,82191.9,3/22/2026,1/17/2025,Michael Horton,Manufacturing,Asia
Schroeder and Sons,Qualification,,1/8/2026,2/8/2025,Craig Johnson,Healthcare,North America
"Levine, Porter and Reed",proposal,86114.48,7/11/2026,2/11/2025,Kimberly Morgan,Healthcare,Asia
"Johnson, Brown and Robinson",Proposal,69305.39,9/22/2026,3/11/2025,Catherine Ray,Retail,Europe
"Patton, Mann and Chen",CLOSED LOST,94511.15,11/18/2025,4/29/2025,Jennifer Cox,Technology,Europe
"Johnson, Brown and Robinson",PROSPECTING,15187.21,8/21/2026,5/28/2025,Denise Lee,Manufacturing,Europe
Smith-Moore,PROPOSAL,23517.15,10/15/2026,5/6/2025,Yvette Griffith,Education,North America
"Johnson, Brown and Robinson",closed won,7928.21,2/27/2026,2/8/2025,Denise Lee,Education,South America
Larson-Erickson,Prospecting,60544.12,6/9/2026,3/15/2025,Brittany Chaney,Healthcare,Asia
Robinson Ltd,CLOSED LOST,62378.96,11/16/2025,4/11/2025,David Rocha,Finance,Asia
"Moreno, Griffin and Lewis",Prospecting,23396.54,1/28/2026,2/10/2025,Spencer Stanley,Healthcare,North America
Terry-Baldwin,Proposal,55175.06,4/21/2026,3/29/2025,Catherine Ray,Education,North America
Spencer-Wright,,87023.38,12/13/2026,2/20/2025,Richard Warren,Healthcare,North America
Carlson-Brown,qualification,,10/19/2026,4/29/2025,David Potter,Retail,Asia
Ross-Sparks,qualification,89850.93,8/18/2026,1/9/2025,Catherine Ray,Technology,
Tucker LLC,Negotiation,24451.29,10/9/2025,4/28/2025,Kristen Obrien,Technology,Europe
Robinson Ltd,Closed Lost,"$52,314.22 ",6/1/2026,5/19/2025,Martin Johnston,Manufacturing,South America
Ross-Sparks,PROPOSAL,90129.5,4/25/2026,,David Rocha,Healthcare,Europe
Mclaughlin Inc,PROPOSAL,28696.75,,3/1/2025,Alexandra Ramos,Healthcare,North America
Larson-Erickson,Closed Lost,"$2,364.43 ",12/18/2026,4/26/2025,Martin Johnston,Education,Europe
Tyler Group,Qualification,89550.42,10/30/2026,2/6/2025,David Potter,Healthcare,Europe
"Mcgrath, Salazar and Perez",Prospecting,40246.04,11/26/2025,4/26/2025,Jonathan Patterson,Retail,North America
Lang-Freeman,Prospecting,49707.04,8/28/2026,3/1/2025,,Education,Asia
Rogers-Rhodes,Closed Lost,83473.13,1/23/2026,5/3/2025,Kristen Obrien,Retail,North America
Castaneda-Phillips,negotiation,7786.4,10/24/2025,1/16/2025,Jennifer Cox,,South America
"Mcgrath, Salazar and Perez",Negotiation,78417.54,10/15/2025,1/7/2025,Martin Johnston,Education,Asia
"Sosa, Scott and Goodwin",Negotiation,35140.87,5/24/2026,4/2/2025,Catherine Ray,Manufacturing,South America
Gallagher-Ellis,CLOSED WON,31356.43,2/2/2026,,Traci Bell DDS,Education,Asia
Ross-Sparks,Closed Won,8563.7,12/21/2026,5/9/2025,David Potter,Technology,South America
"Moreno, Griffin and Lewis",NEGOTIATION,25936.39,9/6/2026,1/1/2025,Ryan Mann,Manufacturing,Asia
"Villegas, Gomez and Ortiz",Closed Lost,"$13,059.59 ",12/26/2025,5/12/2025,Jennifer Cox,Technology,Europe
Mclaughlin Inc,Proposal,50363.7,10/13/2025,2/8/2025,Brittany Chaney,Finance,Asia
"Sosa, Scott and Goodwin",Closed Lost,60511.61,11/12/2025,4/9/2025,Martin Johnston,,Asia
Davis and Sons,Closed Won,,8/3/2026,4/29/2025,Miss Dorothy Collins DVM,Technology,North America
Gallagher-Ellis,closed lost,80938.53,12/4/2025,3/19/2025,Richard Warren,Technology,North America
Schroeder and Sons,PROSPECTING,83322.25,,3/10/2025,Michael Horton,Manufacturing,Europe
"Allen, Richardson and Nguyen",prospecting,3290.34,8/31/2026,3/3/2025,Miss Dorothy Collins DVM,Finance,South America
Mclaughlin Inc,Proposal,98054.46,3/22/2026,4/26/2025,Alexandra Ramos,Education,North America
Jackson-Simon,Prospecting,46550.68,11/17/2025,3/4/2025,James Burke,Healthcare,Asia
Knight-Wilcox,NEGOTIATION,36396.41,12/7/2025,3/31/2025,,Healthcare,Europe
Schultz-Waller,negotiation,48420.22,10/21/2026,,Richard Warren,Finance,Asia
"Griffith, Mejia and Rodriguez",Proposal,80382.23,9/14/2026,2/7/2025,Spencer Stanley,Manufacturing,Europe
Newman Ltd,proposal,85000.34,12/28/2025,5/28/2025,Miss Dorothy Collins DVM,Manufacturing,Asia
"Patton, Mann and Chen",CLOSED WON,32853.3,3/1/2026,4/3/2025,Craig Johnson,Manufacturing,South America
Robinson Ltd,Negotiation,87272.79,5/15/2026,4/16/2025,Kristen Obrien,Healthcare,South America
Nichols Ltd,Prospecting,4288.02,4/1/2026,1/3/2025,Michael Horton,Manufacturing,Asia
Grant-Phillips,Prospecting,57994.22,9/19/2026,2/5/2025,Jennifer Cox,Education,South America
Rodriguez Group,Negotiation,5378.87,4/26/2026,3/5/2025,Catherine Ray,Technology,Europe
Lang-Freeman,negotiation,70676.88,1/13/2026,1/5/2025,Kathleen Harris,Education,North America
"Levine, Porter and Reed",Closed Lost,52196.9,,4/3/2025,Catherine Ray,Healthcare,Asia
Liu-Malone,Proposal,52798.69,,1/3/2025,Jason Hudson,Education,North America
Carlson-Brown,Proposal,41583.27,4/24/2026,5/27/2025,Jason Hudson,Technology,South America
"Patton, Mann and Chen",qualification,52096.78,11/10/2026,2/4/2025,Traci Bell DDS,Retail,Europe
Parks Inc,closed lost,,3/7/2026,1/16/2025,Spencer Stanley,Finance,South America
Harrell and Sons,Closed Lost,3747.07,12/19/2025,4/20/2025,Craig Johnson,Technology,North America
"Kaufman, Abbott and Mendez",Prospecting,27144.31,10/29/2026,5/10/2025,Jonathan Patterson,Retail,Asia
,CLOSED WON,51174.07,11/21/2026,4/13/2025,Richard Warren,Manufacturing,North America
Lyons Inc,Closed Won,49509.55,1/31/2026,2/24/2025,Amanda Owens,Retail,
"Johnson, Brown and Robinson",Closed Won,32537.84,4/19/2026,2/28/2025,Ryan Mann,Technology,North America
Bolton-Curry,proposal,75299.16,11/13/2026,3/11/2025,Jason Hudson,Finance,Asia
"Patton, Mann and Chen",prospecting,64492.68,,2/14/2025,Nicole Curtis,Finance,South America
"Smith, Grant and Allen",Prospecting,99243.06,,3/31/2025,Denise Lee,Finance,Asia
"Kaufman, Abbott and Mendez",Prospecting,70367.05,5/5/2026,3/16/2025,Kathleen Harris,Technology,Asia
Knight-Wilcox,Prospecting,72766.12,8/19/2026,,David Potter,Manufacturing,Europe
Cabrera-Blake,CLOSED WON,3477.99,11/12/2026,4/20/2025,Jonathan Patterson,Retail,
"Miles, Alvarado and Bauer",CLOSED WON,32889.39,3/21/2026,2/5/2025,Jason Hudson,Retail,Asia
Jackson-Simon,Proposal,61771.01,6/26/2026,1/4/2025,Catherine Ray,Technology,Europe
Jones-Wilson,PROSPECTING,18779.23,10/5/2026,5/18/2025,Yvette Griffith,Education,Europe
Richardson LLC,closed lost,50435.7,4/29/2026,1/10/2025,Alexandra Ramos,Education,Europe
Graham-Simon,Proposal,57904.03,10/7/2026,5/18/2025,Rebecca Spence,Finance,Europe
Larson-Erickson,Closed Won,4682.67,10/12/2025,3/8/2025,Denise Lee,Manufacturing,North America
Ramirez PLC,,56077.27,7/15/2026,4/23/2025,David Potter,Manufacturing,South America
Gallagher-Ellis,Qualification,91362.74,6/29/2026,4/7/2025,James Burke,Retail,Asia
Hurst and Sons,Proposal,63953.49,12/23/2026,5/5/2025,Jason Hudson,Manufacturing,Asia
Gallagher-Ellis,Negotiation,50716.8,11/4/2025,1/10/2025,Nicole Curtis,Finance,South America
Meyer-Kelly,QUALIFICATION,,6/18/2026,5/22/2025,Traci Bell DDS,,Europe
Campbell-Hanson,Proposal,82406.83,9/29/2026,3/29/2025,Kristen Obrien,Retail,Asia
Rogers-Rhodes,Prospecting,53790.7,11/8/2025,4/27/2025,Brittany Chaney,Technology,North America
Parker-Brown,Closed Lost,96779.77,10/26/2025,4/25/2025,Denise Lee,,South America
Newman Ltd,closed lost,21107.05,1/4/2026,4/27/2025,Yvette Griffith,Healthcare,Europe
Green LLC,proposal,50985.49,8/1/2026,3/30/2025,James Burke,Technology,Europe
Sanchez Inc,CLOSED LOST,89296.25,4/16/2026,4/29/2025,Martin Johnston,Finance,Europe
Williams Ltd,,,10/15/2025,5/1/2025,Richard Warren,Healthcare,South America
Kennedy-Thornton,qualification,56452.56,9/28/2026,3/20/2025,Kathleen Harris,Finance,South America
Spencer-Wright,closed lost,75354.36,12/28/2026,1/6/2025,Traci Bell DDS,Healthcare,Europe
Newman Ltd,Proposal,38195.01,,1/10/2025,Denise Lee,Healthcare,Asia
Hurst and Sons,qualification,55542.07,11/12/2025,3/1/2025,David Rocha,Technology,Europe
Black Group,qualification,22397.83,12/16/2025,5/4/2025,Robert Moore,Education,Asia
Tyler Group,Negotiation,46483.44,10/17/2026,5/4/2025,Bradley Macdonald,Technology,Asia
,Proposal,34377.41,4/6/2026,1/6/2025,Bradley Macdonald,Retail,Asia
Nichols Ltd,Negotiation,83303.33,11/1/2026,5/11/2025,,Healthcare,Asia
"Crane, Spears and Adams",proposal,98102.48,,5/6/2025,Ryan Mann,Education,Asia
Mclaughlin Inc,,92930.67,4/14/2026,5/30/2025,Mark Lopez,Technology,Europe
"Mcgrath, Salazar and Perez",,51885.88,5/24/2026,2/13/2025,Martin Johnston,Finance,South America
Romero PLC,Prospecting,65144.31,12/7/2026,5/9/2025,Jessica Ball,Education,Europe
Brooks LLC,PROSPECTING,83572.71,12/17/2025,3/27/2025,Amanda Owens,Healthcare,
"Lynch, Johnson and Hester",QUALIFICATION,72028.41,4/28/2026,3/11/2025,Bradley Macdonald,Finance,South America
Johnson Ltd,closed lost,26519.95,3/14/2026,5/25/2025,Alexandra Ramos,Healthcare,Asia
Bolton-Curry,qualification,47413.33,9/3/2026,5/1/2025,Bradley Macdonald,Healthcare,Europe
Gallagher-Ellis,Closed Lost,91036.07,8/16/2026,3/1/2025,Kathleen Harris,Education,Europe
Williams Ltd,Proposal,84605.63,12/20/2026,4/1/2025,Amanda Owens,Manufacturing,South America
"Miles, Alvarado and Bauer",Qualification,84882.83,4/16/2026,5/30/2025,Ryan Mann,Manufacturing,South America
Sweeney-Graves,QUALIFICATION,30791.82,10/18/2025,6/1/2025,Martin Johnston,Finance,North America
,CLOSED WON,23958.6,7/25/2026,5/8/2025,Denise Lee,Technology,North America
Pineda Ltd,prospecting,8464.34,3/30/2026,1/21/2025,Craig Johnson,Healthcare,Asia
"Crane, Spears and Adams",Closed Lost,14144.44,12/25/2025,3/2/2025,Amanda Owens,Healthcare,North America
"Marshall, Combs and Johnson",Proposal,5338.98,2/26/2026,4/24/2025,Jonathan Patterson,Healthcare,North America
Rodriguez Group,Closed Lost,56275.48,4/24/2026,3/23/2025,,Manufacturing,South America
Romero PLC,negotiation,95808.13,12/22/2025,2/28/2025,Rebecca Spence,Manufacturing,North America
Mclaughlin Inc,NEGOTIATION,47918.32,10/8/2025,3/30/2025,Robert Moore,,North America
,Closed Won,2563.26,5/15/2026,4/17/2025,Catherine Ray,Finance,Asia
Mclaughlin Inc,proposal,3350.03,1/10/2026,2/28/2025,Traci Bell DDS,Education,North America
Black Group,closed lost,,5/13/2026,1/7/2025,Richard Warren,Education,North America
"Crane, Spears and Adams",CLOSED WON,97342.76,10/5/2025,4/3/2025,Michael Horton,Manufacturing,North America
"Gonzalez, Jarvis and Cohen",Closed Lost,6060.66,11/3/2026,1/24/2025,Bradley Macdonald,Technology,Asia
Knight-Wilcox,Qualification,13604.63,2/9/2026,1/22/2025,David Potter,Manufacturing,Asia
Spencer-Wright,Closed Won,6362,2/28/2026,2/4/2025,Spencer Stanley,Retail,South America
Sweeney-Graves,negotiation,52263.04,1/12/2026,3/25/2025,Brittany Chaney,Technology,Europe
"Burke, Gonzalez and Mcknight",,67256.23,2/25/2026,3/19/2025,Kristen Obrien,Finance,
Kennedy-Thornton,CLOSED LOST,9409.55,8/11/2026,3/5/2025,Marissa Perry,Finance,Europe
Compton Inc,negotiation,11546.65,,3/24/2025,Ryan Mann,,Asia
Green LLC,closed won,83625.59,10/30/2026,5/5/2025,Robert Moore,Manufacturing,Europe
Jimenez Ltd,Closed Lost,82794.83,2/16/2026,1/1/2025,Marissa Perry,Education,Europe
Bates Ltd,,89318.71,3/21/2026,,Kimberly Morgan,Education,Europe
Nichols Ltd,CLOSED LOST,87282.97,11/7/2026,5/5/2025,Craig Johnson,Finance,North America
"Carpenter, Hutchinson and Vance",CLOSED WON,50679.72,12/18/2026,5/8/2025,Denise Lee,Manufacturing,Asia
"Crane, Spears and Adams",Qualification,,4/24/2026,4/4/2025,Denise Lee,,Asia
,Qualification,90478.29,2/26/2026,3/24/2025,David Potter,Education,North America
Harrell and Sons,Negotiation,82907.93,7/8/2026,1/28/2025,Ryan Mann,Retail,Europe
Parks Inc,QUALIFICATION,94234.59,12/5/2026,5/1/2025,Richard Warren,Technology,Asia
"Villegas, Gomez and Ortiz",Closed Won,39250.05,1/6/2026,4/24/2025,Nicole Curtis,Retail,South America
"Mcgrath, Salazar and Perez",negotiation,1372.98,11/9/2025,1/6/2025,Craig Johnson,Retail,South America
Rodriguez Group,Closed Won,60745.32,9/7/2026,4/1/2025,Spencer Stanley,Technology,Europe
"Oliver, Beltran and Anderson",qualification,11352.26,3/30/2026,5/16/2025,Martin Johnston,Education,Europe
Graham-Simon,CLOSED WON,60770.64,5/19/2026,2/18/2025,Michael Horton,Education,
"Davis, Woods and Lewis",,"$44,169.22 ",11/8/2025,,Traci Bell DDS,Technology,South America
Ross-Sparks,,23204.2,1/12/2026,4/22/2025,David Rocha,Finance,Europe
Robinson Ltd,QUALIFICATION,35783.08,10/3/2026,5/22/2025,Michael Horton,Manufacturing,North America
Grant-Phillips,Closed Won,60036.09,12/23/2026,2/12/2025,David Rocha,Technology,Europe
Holland-Matthews,PROSPECTING,25858.76,10/28/2026,5/3/2025,Alexandra Ramos,Manufacturing,Asia
"Fisher, Sweeney and Newman",qualification,80583.89,11/19/2025,4/14/2025,Marissa Perry,Finance,
"Burke, Gonzalez and Mcknight",closed lost,69689.4,4/4/2026,1/10/2025,Kristen Obrien,Retail,North America
Graham-Simon,closed won,69030.97,3/10/2026,2/8/2025,Mark Lopez,Finance,Europe
Schultz-Waller,Qualification,86938.83,9/9/2026,2/2/2025,Jennifer Cox,Technology,Asia
Hall-Sparks,QUALIFICATION,51922.1,9/8/2026,4/30/2025,Brittany Chaney,Technology,South America
Jimenez Ltd,Closed Lost,98605.25,5/10/2026,4/28/2025,Kathleen Harris,Finance,South America
,Proposal,19083.22,3/7/2026,4/8/2025,Jason Hudson,Finance,North America
Ramirez PLC,proposal,27845.55,10/10/2026,3/10/2025,Martin Johnston,Technology,Asia
Williams Ltd,qualification,"$52,226.00 ",12/9/2025,2/1/2025,James Burke,Healthcare,Asia
"Hoffman, Thomas and Hawkins",closed won,41113.12,10/16/2025,2/26/2025,Rebecca Spence,Retail,North America
Parker-Brown,CLOSED LOST,35826.64,8/13/2026,5/15/2025,Ryan Mann,Healthcare,Asia
Carr PLC,Qualification,10422.46,12/27/2025,2/18/2025,James Burke,Education,Asia
Ramirez PLC,proposal,"$86,357.93 ",5/3/2026,3/24/2025,,,Asia
"Cole, Fischer and Adams",proposal,2387.65,12/30/2025,3/25/2025,Marissa Perry,Manufacturing,Asia
Schroeder and Sons,PROPOSAL,91033.3,12/29/2025,3/5/2025,Amanda Owens,Retail,South America
"Allen, Richardson and Nguyen",proposal,32115.53,7/3/2026,4/30/2025,,,Europe
Tucker and Sons,closed lost,30894.75,10/24/2026,3/15/2025,Jessica Ball,Retail,
"Hoffman, Thomas and Hawkins",closed won,51031.71,5/13/2026,4/13/2025,Jonathan Patterson,Manufacturing,North America
Schroeder and Sons,closed won,93611.31,10/21/2025,3/11/2025,Catherine Ray,Healthcare,Europe
"Patton, Mann and Chen",NEGOTIATION,72593.32,9/1/2026,3/5/2025,Traci Bell DDS,Technology,North America
"Crane, Spears and Adams",Proposal,8265.26,12/31/2026,5/24/2025,James Burke,Healthcare,Europe
Richardson LLC,Closed Won,16542.16,7/5/2026,1/31/2025,Jessica Ball,Retail,
Smith-Moore,Prospecting,61495.05,,4/15/2025,David Potter,Healthcare,Asia
Williams Ltd,closed lost,38065.12,1/1/2026,5/25/2025,Martin Johnston,Finance,North America
"Cole, Fischer and Adams",CLOSED WON,"$66,413.02 ",10/16/2025,1/22/2025,Catherine Ray,Finance,Asia
Carr PLC,Prospecting,89652.75,2/11/2026,5/18/2025,Jennifer Cox,Healthcare,Asia
"Carpenter, Hutchinson and Vance",closed lost,69937.6,12/27/2025,4/1/2025,,Education,South America
Brown-Mcpherson,negotiation,39362.48,12/4/2026,1/5/2025,David Rocha,Healthcare,South America
Knight-Wilcox,proposal,85834.87,10/19/2025,1/11/2025,Bradley Macdonald,,South America
"Marshall, Combs and Johnson",Prospecting,66440.63,10/14/2025,5/18/2025,Jonathan Patterson,Technology,North America
Brown-Black,negotiation,5655.94,6/12/2026,5/6/2025,,Technology,Asia
"Sexton, Williams and Solis",,38921.19,12/8/2026,2/1/2025,Yvette Griffith,Manufacturing,Europe
Lyons Inc,Negotiation,47050.48,11/15/2025,3/8/2025,Alexandra Ramos,Healthcare,South America
"Palmer, Sloan and Clark",Closed Won,"$81,878.21 ",3/14/2026,2/15/2025,Miss Dorothy Collins DVM,Education,North America
"Oliver, Beltran and Anderson",closed lost,84108.75,,5/13/2025,Rebecca Spence,Education,South America
,proposal,21574.04,10/9/2025,3/19/2025,Yvette Griffith,Education,Europe
"Davis, Woods and Lewis",Proposal,28158.39,11/6/2026,2/28/2025,David Rocha,,South America
Harrell and Sons,QUALIFICATION,99920.12,12/9/2025,3/27/2025,Jennifer Cox,Education,
Tyler Group,Negotiation,86399.32,10/31/2025,4/23/2025,Traci Bell DDS,Technology,North America
Ramirez PLC,Closed Won,46995.18,2/11/2026,4/19/2025,Bradley Macdonald,Technology,North America
Pineda Ltd,Proposal,35342.84,12/20/2026,3/18/2025,Richard Warren,Healthcare,South America
Bates Ltd,negotiation,45503.2,6/8/2026,5/18/2025,David Potter,Healthcare,North America
Brown-Black,PROPOSAL,54341.07,12/5/2026,5/30/2025,Catherine Ray,Education,Europe
Romero PLC,Negotiation,59997.43,10/25/2026,4/29/2025,Marissa Perry,Finance,North America
Spencer-Wright,QUALIFICATION,,12/26/2026,5/23/2025,Jason Hudson,Finance,Europe
Tucker LLC,prospecting,79005.88,10/27/2026,5/3/2025,Kimberly Morgan,Healthcare,South America
Kennedy-Thornton,closed won,78510.96,11/27/2025,5/13/2025,Craig Johnson,Technology,South America
Schroeder and Sons,closed won,15868.65,10/24/2026,1/17/2025,Yvette Griffith,Education,Europe
Orr Ltd,prospecting,25595.61,12/31/2026,2/21/2025,Amanda Owens,Technology,Europe
Hall-Sparks,Negotiation,11727.03,,5/6/2025,David Rocha,Education,South America
Myers Ltd,,52757.84,5/25/2026,2/6/2025,Jessica Ball,Finance,Asia
Compton Inc,Closed Won,76695.33,1/16/2026,3/29/2025,Alexandra Ramos,Retail,North America
,PROSPECTING,36723.61,11/30/2025,5/19/2025,Richard Warren,Healthcare,Europe
Robinson Ltd,PROSPECTING,14182.6,4/24/2026,4/1/2025,Marissa Perry,Education,Asia
,proposal,84999.64,2/8/2026,4/6/2025,Yvette Griffith,Healthcare,South America
Harris and Sons,Closed Won,77667.84,4/20/2026,3/11/2025,Craig Johnson,Education,Asia
Rodriguez Group,proposal,14242.74,2/27/2026,4/8/2025,Craig Johnson,,South America
Parks Inc,Negotiation,42652.28,3/26/2026,5/8/2025,Jessica Ball,Healthcare,South America
"Pearson, James and Wagner",Closed Lost,47959.92,,3/25/2025,Kristen Obrien,Finance,Europe
"Burke, Gonzalez and Mcknight",Closed Lost,33788.96,10/21/2025,3/30/2025,Nicole Curtis,Healthcare,South America
Terry-Baldwin,PROSPECTING,27794.58,1/10/2026,1/1/2025,Alexandra Ramos,Finance,Europe
Brown-Black,Qualification,77295.33,7/24/2026,4/26/2025,David Potter,Manufacturing,Asia
Graham-Simon,Closed Lost,28207.12,2/9/2026,3/25/2025,Brittany Chaney,Retail,Europe
Wilson and Sons,negotiation,54660.96,12/2/2025,1/25/2025,Kristen Obrien,Education,South America
"Moreno, Griffin and Lewis",Closed Lost,50037.06,9/25/2026,5/18/2025,Kathleen Harris,Finance,Europe
"Johnson, Brown and Robinson",closed lost,75432.66,2/11/2026,1/26/2025,Brittany Chaney,Healthcare,South America
Liu-Malone,,,4/24/2026,,Bradley Macdonald,Finance,North America
Brooks LLC,PROSPECTING,20656.34,7/20/2026,1/27/2025,Robert Moore,Retail,Asia
Liu-Malone,Prospecting,8953.64,10/20/2025,4/2/2025,Jennifer Cox,Healthcare,North America
Kennedy-Thornton,Negotiation,75712.71,7/16/2026,5/8/2025,Yvette Griffith,Retail,Asia
"Cole, Fischer and Adams",Negotiation,,7/6/2026,1/29/2025,Traci Bell DDS,Education,South America
Small PLC,Prospecting,32746.92,2/6/2026,4/30/2025,David Potter,Manufacturing,South America
"Johnson, Brown and Robinson",Closed Won,,12/5/2026,1/1/2025,David Potter,Technology,Europe
Larson-Erickson,Closed Lost,13545.47,2/18/2026,1/25/2025,Nicole Curtis,Retail,North America
"Cole, Fischer and Adams",CLOSED WON,23178.37,2/4/2026,1/23/2025,Marissa Perry,Finance,South America
Paul Ltd,Closed Lost,56231.97,8/26/2026,3/15/2025,,Education,Europe
Parker-Brown,proposal,84523.25,1/17/2026,2/3/2025,Craig Johnson,Education,Europe
Spencer-Wright,negotiation,53176.8,4/21/2026,3/2/2025,Kimberly Morgan,Healthcare,South America
,prospecting,43130.42,11/12/2026,1/9/2025,Martin Johnston,Manufacturing,South America
Pineda Ltd,Qualification,26789.11,11/1/2026,3/18/2025,Brittany Chaney,Technology,South America
,Closed Won,21620.31,9/29/2026,5/12/2025,Kimberly Morgan,Retail,Asia
Small PLC,Qualification,34351.93,5/15/2026,2/10/2025,Ryan Mann,Manufacturing,Europe
Tyler Group,closed won,79745.35,11/25/2026,4/30/2025,Ryan Mann,Technology,North America
Rodriguez Group,negotiation,57295.07,6/8/2026,5/25/2025,Martin Johnston,Retail,North America
Roman-Parker,proposal,99300.36,7/28/2026,4/10/2025,Jason Hudson,Finance,South America
Cabrera-Blake,Prospecting,99017.7,7/7/2026,5/9/2025,Jennifer Cox,Technology,South America
Lang-Freeman,qualification,89557.41,3/17/2026,3/3/2025,Yvette Griffith,Education,Asia
Romero PLC,Negotiation,39164.06,1/28/2026,3/6/2025,,Healthcare,North America
Newman Ltd,closed lost,89743.28,3/29/2026,3/24/2025,Rebecca Spence,Retail,Asia
Castaneda-Phillips,proposal,53040.07,6/11/2026,3/23/2025,Alexandra Ramos,Manufacturing,South America
Harris and Sons,PROSPECTING,55580.14,3/15/2026,,Rebecca Spence,Education,
Green Inc,Negotiation,25093.97,11/9/2025,4/2/2025,Rebecca Spence,Healthcare,Europe
Spencer-Wright,,67443.61,10/3/2025,5/4/2025,Robert Moore,Retail,South America
Larson-Erickson,PROPOSAL,82185.94,10/7/2026,3/1/2025,Brittany Chaney,Retail,North America
Newman Ltd,PROPOSAL,47833.97,1/26/2026,4/24/2025,Ryan Mann,Education,South America
Tucker LLC,Negotiation,70484.11,2/3/2026,1/9/2025,Ryan Mann,Finance,Europe
"Davis, Woods and Lewis",prospecting,7123.94,5/19/2026,4/3/2025,Jennifer Cox,Retail,South America
Jimenez Ltd,closed won,31817.2,12/14/2026,4/30/2025,Kristen Obrien,,Europe
Grant-Phillips,proposal,89426.63,10/13/2026,1/8/2025,Ryan Mann,Manufacturing,Europe
"Mcgrath, Salazar and Perez",Prospecting,68992.36,12/8/2026,5/3/2025,Robert Moore,Healthcare,Asia
Mclaughlin Inc,Qualification,7962.02,,5/12/2025,Craig Johnson,Finance,North America
Schroeder and Sons,Proposal,3100.27,8/16/2026,1/1/2025,,Technology,Asia
"Cole, Fischer and Adams",CLOSED LOST,93959.12,9/12/2026,4/1/2025,Catherine Ray,Healthcare,Europe
"Lynch, Johnson and Hester",Qualification,79167.7,12/7/2026,3/30/2025,Kathleen Harris,Finance,Asia
"Fisher, Sweeney and Newman",Proposal,90112.13,3/12/2026,3/29/2025,Martin Johnston,Healthcare,North America
Small PLC,Closed Lost,49058.41,1/17/2026,3/17/2025,Craig Johnson,Finance,Europe
Green LLC,Closed Won,"$88,749.84 ",9/19/2026,1/6/2025,Bradley Macdonald,Technology,North America
Black Group,CLOSED WON,91132.14,5/4/2026,3/22/2025,Brittany Chaney,Healthcare,South America
,qualification,2656.01,3/23/2026,1/1/2025,Miss Dorothy Collins DVM,Manufacturing,Europe
Castaneda-Phillips,CLOSED LOST,98836.45,12/12/2026,2/20/2025,Jonathan Patterson,Finance,South America
"Thompson, Nelson and Peterson",PROSPECTING,54722.15,1/15/2026,4/27/2025,,Education,North America
Larson-Erickson,Closed Won,70564.84,4/22/2026,3/22/2025,Ryan Mann,Technology,Europe
"Sosa, Scott and Goodwin",Proposal,11371.98,1/12/2026,1/19/2025,Mark Lopez,Manufacturing,Europe
Johnson Ltd,Qualification,80712.74,6/7/2026,5/9/2025,Richard Warren,Finance,Europe
"Mcgrath, Salazar and Perez",prospecting,34606.83,7/24/2026,5/23/2025,Ryan Mann,Education,Asia
"Carpenter, Hutchinson and Vance",Negotiation,86095.03,1/15/2026,,Nicole Curtis,Finance,Asia
Lyons Inc,proposal,75614.66,6/7/2026,6/1/2025,Bradley Macdonald,Education,North America
Tucker LLC,qualification,"$29,740.83 ",3/11/2026,4/24/2025,Robert Moore,Education,Europe
Carr PLC,closed won,85303.86,11/9/2025,2/14/2025,David Potter,Manufacturing,North America
Brooks LLC,Closed Lost,43202.09,10/9/2026,1/16/2025,Traci Bell DDS,Finance,Asia
Graham-Simon,CLOSED WON,53986.38,5/30/2026,2/6/2025,Ryan Mann,Manufacturing,North America
"Carpenter, Hutchinson and Vance",qualification,14553.72,10/30/2026,3/10/2025,Mark Lopez,Manufacturing,North America
Rogers-Rhodes,QUALIFICATION,30313.45,2/8/2026,5/24/2025,Kathleen Harris,Finance,North America
"Sosa, Scott and Goodwin",Proposal,17167.32,4/4/2026,3/4/2025,Miss Dorothy Collins DVM,Healthcare,South America
Carlson-Brown,qualification,39385.29,1/21/2026,3/8/2025,Nicole Curtis,Retail,Europe
Pineda Ltd,Prospecting,55042.68,11/10/2025,3/6/2025,Jason Hudson,Technology,Asia
Jones-Wilson,,1848.42,1/22/2026,1/29/2025,Craig Johnson,,Asia
"Kaufman, Abbott and Mendez",qualification,"$80,245.58 ",1/30/2026,2/5/2025,Spencer Stanley,Education,North America
Spencer-Wright,Prospecting,64352.14,1/26/2026,3/17/2025,Kristen Obrien,Retail,Europe
"Johnson, Brown and Robinson",CLOSED WON,5519.91,12/26/2026,3/28/2025,Jennifer Cox,Finance,Europe
Pineda Ltd,closed won,38520.81,10/6/2026,,James Burke,Finance,South America
Liu-Malone,,10076.46,10/4/2026,4/22/2025,Marissa Perry,Healthcare,Asia
Grant-Phillips,Negotiation,11556.08,5/28/2026,2/21/2025,Robert Moore,Education,Asia
Wright-Moran,negotiation,83250.46,11/9/2026,3/18/2025,Yvette Griffith,Finance,Asia
Johnson Ltd,proposal,11450.31,3/29/2026,1/24/2025,James Burke,Healthcare,Asia
Sweeney-Graves,Closed Lost,37844.93,6/7/2026,5/1/2025,Ryan Mann,Finance,Asia
Brown-Mcpherson,,5510.75,4/18/2026,4/19/2025,Jennifer Cox,Technology,North America
"Marshall, Combs and Johnson",negotiation,37334.6,11/20/2025,2/13/2025,Bradley Macdonald,Manufacturing,Asia
Wilson and Sons,Negotiation,80331.11,3/23/2026,4/12/2025,Robert Moore,Technology,Europe
"Palmer, Sloan and Clark",Negotiation,39799.58,12/2/2026,2/10/2025,Brittany Chaney,Retail,South America
Green LLC,Qualification,87824.07,4/13/2026,4/10/2025,Traci Bell DDS,Education,South America
Castaneda-Phillips,Prospecting,31280.65,8/2/2026,3/28/2025,Michael Horton,Finance,South America
Smith-Moore,CLOSED LOST,95842.69,12/2/2026,2/27/2025,,Healthcare,South America
Cabrera-Blake,NEGOTIATION,"$28,887.99 ",2/5/2026,4/12/2025,Craig Johnson,Education,South America
Wright-Moran,NEGOTIATION,34802.08,,1/28/2025,Robert Moore,Finance,South America
"Davis, Woods and Lewis",closed won,29395.19,10/24/2026,1/6/2025,Mark Lopez,Healthcare,Asia
Orr Ltd,Negotiation,23910.14,12/4/2025,3/24/2025,David Potter,Finance,Europe
Richardson LLC,Closed Won,60232.85,10/16/2026,4/22/2025,Brittany Chaney,Finance,South America
"Palmer, Sloan and Clark",Prospecting,57964.91,12/21/2026,5/6/2025,Alexandra Ramos,Technology,South America
Ross-Sparks,Prospecting,52635.18,1/23/2026,2/27/2025,Ryan Mann,Healthcare,Europe
,closed lost,72223.8,5/19/2026,5/27/2025,Rebecca Spence,Healthcare,Europe
Hurst and Sons,proposal,43622.27,12/31/2026,3/29/2025,Denise Lee,Healthcare,
Brooks LLC,Closed Won,2641.21,,1/1/2025,,Manufacturing,North America
"Burke, Gonzalez and Mcknight",Qualification,11756.66,12/29/2026,4/23/2025,Brittany Chaney,Technology,North America
Green LLC,Negotiation,"$36,016.93 ",4/9/2026,1/7/2025,Kimberly Morgan,Finance,Asia
Ross-Sparks,NEGOTIATION,82976.14,10/11/2026,4/3/2025,Yvette Griffith,Manufacturing,South America
